Mix_ID,Cement,GGBS,FlyAsh,Water,Admixture,CoarseAggregate,Sand,age,Strength
1,540.0,0.0,0.0,162.0,2.5,1040.0,676.0,28.0,79.98611076
2,540.0,0.0,0.0,162.0,2.5,1055.0,676.0,28.0,61.88736576
3,332.5,142.5,0.0,228.0,0.0,932.0,594.0,270.0,40.269535256000005
4,332.5,142.5,0.0,228.0,0.0,932.0,594.0,365.0,41.052779992
5,198.6,132.4,0.0,192.0,0.0,978.4,825.5,360.0,44.296075096
6,266.0,114.0,0.0,228.0,0.0,932.0,670.0,90.0,47.029847436
7,380.0,95.0,0.0,228.0,0.0,932.0,594.0,365.0,43.698299404
8,380.0,95.0,0.0,228.0,0.0,932.0,594.0,28.0,36.447769788
9,266.0,114.0,0.0,228.0,0.0,932.0,670.0,28.0,45.854290856
10,475.0,0.0,0.0,228.0,0.0,932.0,594.0,28.0,39.28978986
11,198.6,132.4,0.0,192.0,0.0,978.4,825.5,90.0,38.074243672
12,198.6,132.4,0.0,192.0,0.0,978.4,825.5,28.0,28.021683592
13,427.5,47.5,0.0,228.0,0.0,932.0,594.0,270.0,43.01296026
14,190.0,190.0,0.0,228.0,0.0,932.0,670.0,90.0,42.32693164
15,304.0,76.0,0.0,228.0,0.0,932.0,670.0,28.0,47.813781648
16,380.0,0.0,0.0,228.0,0.0,932.0,670.0,90.0,52.908319812
17,139.6,209.4,0.0,192.0,0.0,1047.0,806.9,90.0,39.358047984
18,342.0,38.0,0.0,228.0,0.0,932.0,670.0,365.0,56.141962252
19,380.0,95.0,0.0,228.0,0.0,932.0,594.0,90.0,40.563252032
20,475.0,0.0,0.0,228.0,0.0,932.0,594.0,180.0,42.620648416
21,427.5,47.5,0.0,228.0,0.0,932.0,594.0,180.0,41.836714204
22,139.6,209.4,0.0,192.0,0.0,1047.0,806.9,28.0,28.23748958
23,139.6,209.4,0.0,192.0,0.0,1047.0,806.9,3.0,8.06342182
24,139.6,209.4,0.0,192.0,0.0,1047.0,806.9,180.0,44.207822168
25,380.0,0.0,0.0,228.0,0.0,932.0,670.0,365.0,52.516697444
26,380.0,0.0,0.0,228.0,0.0,932.0,670.0,270.0,53.300631656
27,380.0,95.0,0.0,228.0,0.0,932.0,594.0,270.0,41.15137506
28,342.0,38.0,0.0,228.0,0.0,932.0,670.0,180.0,52.1243856
29,427.5,47.5,0.0,228.0,0.0,932.0,594.0,28.0,37.427515184
30,475.0,0.0,0.0,228.0,0.0,932.0,594.0,7.0,38.60376124
31,304.0,76.0,0.0,228.0,0.0,932.0,670.0,365.0,55.260122448
32,266.0,114.0,0.0,228.0,0.0,932.0,670.0,365.0,52.908319812
33,198.6,132.4,0.0,192.0,0.0,978.4,825.5,180.0,41.719503284
34,475.0,0.0,0.0,228.0,0.0,932.0,594.0,270.0,42.131120456
35,190.0,190.0,0.0,228.0,0.0,932.0,670.0,365.0,53.69225402399999
36,237.5,237.5,0.0,228.0,0.0,932.0,594.0,270.0,38.407950056
37,237.5,237.5,0.0,228.0,0.0,932.0,594.0,28.0,30.079769452
38,332.5,142.5,0.0,228.0,0.0,932.0,594.0,90.0,37.721921436
39,475.0,0.0,0.0,228.0,0.0,932.0,594.0,90.0,42.229026048
40,237.5,237.5,0.0,228.0,0.0,932.0,594.0,180.0,36.251958604
41,342.0,38.0,0.0,228.0,0.0,932.0,670.0,90.0,50.45930106
42,427.5,47.5,0.0,228.0,0.0,932.0,594.0,365.0,43.698299404
43,237.5,237.5,0.0,228.0,0.0,932.0,594.0,365.0,38.995383608
44,380.0,0.0,0.0,228.0,0.0,932.0,670.0,180.0,53.104130996
45,427.5,47.5,0.0,228.0,0.0,932.0,594.0,90.0,41.542997428
46,427.5,47.5,0.0,228.0,0.0,932.0,594.0,7.0,35.076402024
47,349.0,0.0,0.0,192.0,0.0,1047.0,806.9,3.0,15.049192652
48,380.0,95.0,0.0,228.0,0.0,932.0,594.0,180.0,40.759063216
49,237.5,237.5,0.0,228.0,0.0,932.0,594.0,7.0,26.258003984
50,380.0,95.0,0.0,228.0,0.0,932.0,594.0,7.0,32.823194456
51,332.5,142.5,0.0,228.0,0.0,932.0,594.0,180.0,39.77931782
52,190.0,190.0,0.0,228.0,0.0,932.0,670.0,180.0,46.931941844
53,237.5,237.5,0.0,228.0,0.0,932.0,594.0,90.0,33.116911232
54,304.0,76.0,0.0,228.0,0.0,932.0,670.0,90.0,49.185149412
55,139.6,209.4,0.0,192.0,0.0,1047.0,806.9,7.0,14.58931216
56,198.6,132.4,0.0,192.0,0.0,978.4,825.5,7.0,14.638264956
57,475.0,0.0,0.0,228.0,0.0,932.0,594.0,365.0,41.934619796
58,198.6,132.4,0.0,192.0,0.0,978.4,825.5,3.0,9.131420144
59,304.0,76.0,0.0,228.0,0.0,932.0,670.0,180.0,50.94882902
60,332.5,142.5,0.0,228.0,0.0,932.0,594.0,28.0,33.01900564
61,304.0,76.0,0.0,228.0,0.0,932.0,670.0,270.0,54.378282644
62,266.0,114.0,0.0,228.0,0.0,932.0,670.0,270.0,51.732763232
63,310.0,0.0,0.0,192.0,0.0,971.0,850.6,3.0,9.86640156
64,190.0,190.0,0.0,228.0,0.0,932.0,670.0,270.0,50.655112244
65,266.0,114.0,0.0,228.0,0.0,932.0,670.0,180.0,48.695621452
66,342.0,38.0,0.0,228.0,0.0,932.0,670.0,270.0,55.064311264
67,139.6,209.4,0.0,192.0,0.0,1047.0,806.9,360.0,44.698039604
68,332.5,142.5,0.0,228.0,0.0,932.0,594.0,7.0,30.275580636
69,190.0,190.0,0.0,228.0,0.0,932.0,670.0,28.0,40.856968808
70,485.0,0.0,0.0,146.0,0.0,1120.0,800.0,28.0,71.98818916
71,374.0,189.2,0.0,170.1,10.1,926.1,756.7,3.0,34.39795764
72,313.3,262.2,0.0,175.5,8.6,1046.9,611.8,3.0,28.79941252
73,425.0,106.3,0.0,153.5,16.5,852.1,887.1,3.0,33.39821744
74,425.0,106.3,0.0,151.4,18.6,936.0,803.7,3.0,36.3009114
75,375.0,93.8,0.0,126.6,23.4,852.1,992.6,3.0,28.99936056
76,475.0,118.8,0.0,181.1,8.9,852.1,781.5,3.0,37.79707432
77,469.0,117.2,0.0,137.8,32.2,852.1,840.5,3.0,40.1964508
78,425.0,106.3,0.0,153.5,16.5,852.1,887.1,3.0,33.39821744
79,388.6,97.1,0.0,157.9,12.1,852.1,925.7,3.0,28.096147
80,531.3,0.0,0.0,141.8,28.2,852.1,893.7,3.0,41.2996124
81,425.0,106.3,0.0,153.5,16.5,852.1,887.1,3.0,33.39821744
82,318.8,212.5,0.0,155.7,14.3,852.1,880.4,3.0,25.2003478
83,401.8,94.7,0.0,147.4,11.4,946.8,852.1,3.0,41.09966436
84,362.6,189.0,0.0,164.9,11.6,944.7,755.8,3.0,35.3011712
85,323.7,282.8,0.0,183.8,10.3,942.7,659.9,3.0,28.29609504
86,379.5,151.2,0.0,153.9,15.9,1134.3,605.0,3.0,28.59946448
87,362.6,189.0,0.0,164.9,11.6,944.7,755.8,3.0,35.3011712
88,286.3,200.9,0.0,144.7,11.2,1004.6,803.7,3.0,24.40055564
89,362.6,189.0,0.0,164.9,11.6,944.7,755.8,3.0,35.3011712
90,439.0,177.0,0.0,186.0,11.1,884.9,707.9,3.0,39.300132
91,389.9,189.0,0.0,145.9,22.0,944.7,755.8,3.0,40.59634688
92,362.6,189.0,0.0,164.9,11.6,944.7,755.8,3.0,35.3011712
93,337.9,189.0,0.0,174.9,9.5,944.7,755.8,3.0,24.0971862
94,374.0,189.2,0.0,170.1,10.1,926.1,756.7,7.0,46.20178676
95,313.3,262.2,0.0,175.5,8.6,1046.9,611.8,7.0,42.79577532
96,425.0,106.3,0.0,153.5,16.5,852.1,887.1,7.0,49.20100736
97,425.0,106.3,0.0,151.4,18.6,936.0,803.7,7.0,46.80163088
98,375.0,93.8,0.0,126.6,23.4,852.1,992.6,7.0,45.69846928
99,475.0,118.8,0.0,181.1,8.9,852.1,781.5,7.0,55.59934464
100,469.0,117.2,0.0,137.8,32.2,852.1,840.5,7.0,54.89607912
101,425.0,106.3,0.0,153.5,16.5,852.1,887.1,7.0,49.20100736
102,388.6,97.1,0.0,157.9,12.1,852.1,925.7,7.0,34.90127512
103,531.3,0.0,0.0,141.8,28.2,852.1,893.7,7.0,46.89815752
104,425.0,106.3,0.0,153.5,16.5,852.1,887.1,7.0,49.20100736
105,318.8,212.5,0.0,155.7,14.3,852.1,880.4,7.0,33.39821744
106,401.8,94.7,0.0,147.4,11.4,946.8,852.1,7.0,54.09628696
107,362.6,189.0,0.0,164.9,11.6,944.7,755.8,7.0,55.89581932
108,323.7,282.8,0.0,183.8,10.3,942.7,659.9,7.0,49.80085148
109,379.5,151.2,0.0,153.9,15.9,1134.3,605.0,7.0,47.09810556
110,362.6,189.0,0.0,164.9,11.6,944.7,755.8,7.0,55.89581932
111,286.3,200.9,0.0,144.7,11.2,1004.6,803.7,7.0,37.99702236
112,362.6,189.0,0.0,164.9,11.6,944.7,755.8,7.0,55.89581932
113,439.0,177.0,0.0,186.0,11.1,884.9,707.9,7.0,56.09576736
114,389.9,189.0,0.0,145.9,22.0,944.7,755.8,7.0,59.09498796
115,362.6,189.0,0.0,164.9,11.6,944.7,755.8,7.0,22.89749796
116,337.9,189.0,0.0,174.9,9.5,944.7,755.8,7.0,35.10122316
117,374.0,189.2,0.0,170.1,10.1,926.1,756.7,28.0,61.09446836
118,313.3,262.2,0.0,175.5,8.6,1046.9,611.8,28.0,59.79825348
119,425.0,106.3,0.0,153.5,16.5,852.1,887.1,28.0,60.2946762
120,425.0,106.3,0.0,151.4,18.6,936.0,803.7,28.0,61.79773388
121,375.0,93.8,0.0,126.6,23.4,852.1,992.6,28.0,56.69561148
122,475.0,118.8,0.0,181.1,8.9,852.1,781.5,28.0,68.29949256
123,469.0,117.2,0.0,137.8,32.2,852.1,840.5,28.0,66.89985628
124,425.0,106.3,0.0,153.5,16.5,852.1,887.1,28.0,60.2946762
125,388.6,97.1,0.0,157.9,12.1,852.1,925.7,28.0,50.69717028
126,531.3,0.0,0.0,141.8,28.2,852.1,893.7,28.0,56.3991368
127,425.0,106.3,0.0,153.5,16.5,852.1,887.1,28.0,60.2946762
128,318.8,212.5,0.0,155.7,14.3,852.1,880.4,28.0,55.49592324
129,401.8,94.7,0.0,147.4,11.4,946.8,852.1,28.0,68.4994406
130,362.6,189.0,0.0,164.9,11.6,944.7,755.8,28.0,71.29871315999999
131,323.7,282.8,0.0,183.8,10.3,942.7,659.9,28.0,74.69782984
132,379.5,151.2,0.0,153.9,15.9,1134.3,605.0,28.0,52.20022796
133,362.6,189.0,0.0,164.9,11.6,944.7,755.8,28.0,71.29871315999999
134,286.3,200.9,0.0,144.7,11.2,1004.6,803.7,28.0,67.69964844
135,362.6,189.0,0.0,164.9,11.6,944.7,755.8,28.0,71.29871315999999
136,439.0,177.0,0.0,186.0,11.1,884.9,707.9,28.0,65.99664272
137,389.9,189.0,0.0,145.9,22.0,944.7,755.8,28.0,74.4978818
138,362.6,189.0,0.0,164.9,11.6,944.7,755.8,28.0,71.29871315999999
139,337.9,189.0,0.0,174.9,9.5,944.7,755.8,28.0,49.89737812
140,374.0,189.2,0.0,170.1,10.1,926.1,756.7,56.0,63.3973182
141,313.3,262.2,0.0,175.5,8.6,1046.9,611.8,56.0,64.90037588
142,425.0,106.3,0.0,153.5,16.5,852.1,887.1,56.0,64.30053176
143,425.0,106.3,0.0,151.4,18.6,936.0,803.7,56.0,64.90037588
144,375.0,93.8,0.0,126.6,23.4,852.1,992.6,56.0,60.19814956
145,475.0,118.8,0.0,181.1,8.9,852.1,781.5,56.0,72.29845336
146,469.0,117.2,0.0,137.8,32.2,852.1,840.5,56.0,69.29923276
147,425.0,106.3,0.0,153.5,16.5,852.1,887.1,56.0,64.30053176
148,388.6,97.1,0.0,157.9,12.1,852.1,925.7,56.0,55.19944856
149,531.3,0.0,0.0,141.8,28.2,852.1,893.7,56.0,58.79851328
150,425.0,106.3,0.0,153.5,16.5,852.1,887.1,56.0,64.30053176
151,318.8,212.5,0.0,155.7,14.3,852.1,880.4,56.0,66.10006412
152,401.8,94.7,0.0,147.4,11.4,946.8,852.1,56.0,73.69808963999999
153,362.6,189.0,0.0,164.9,11.6,944.7,755.8,56.0,77.29715436
154,323.7,282.8,0.0,183.8,10.3,942.7,659.9,56.0,80.19984832
155,379.5,151.2,0.0,153.9,15.9,1134.3,605.0,56.0,54.89607912
156,362.6,189.0,0.0,164.9,11.6,944.7,755.8,56.0,77.29715436
157,286.3,200.9,0.0,144.7,11.2,1004.6,803.7,56.0,72.99482412
158,362.6,189.0,0.0,164.9,11.6,944.7,755.8,56.0,77.29715436
159,439.0,177.0,0.0,186.0,11.1,884.9,707.9,56.0,71.69860924
160,389.9,189.0,0.0,145.9,22.0,944.7,755.8,56.0,79.40005615999999
161,362.6,189.0,0.0,164.9,11.6,944.7,755.8,56.0,77.29715436
162,337.9,189.0,0.0,174.9,9.5,944.7,755.8,56.0,59.89478012
163,374.0,189.2,0.0,170.1,10.1,926.1,756.7,91.0,64.90037588
164,313.3,262.2,0.0,175.5,8.6,1046.9,611.8,91.0,66.59648684
165,425.0,106.3,0.0,153.5,16.5,852.1,887.1,91.0,65.19685056
166,425.0,106.3,0.0,151.4,18.6,936.0,803.7,91.0,66.69990824
167,375.0,93.8,0.0,126.6,23.4,852.1,992.6,91.0,62.5009994
168,475.0,118.8,0.0,181.1,8.9,852.1,781.5,91.0,74.19451236
169,469.0,117.2,0.0,137.8,32.2,852.1,840.5,91.0,70.69886903999999
170,425.0,106.3,0.0,153.5,16.5,852.1,887.1,91.0,65.19685056
171,388.6,97.1,0.0,157.9,12.1,852.1,925.7,91.0,57.59882504
172,531.3,0.0,0.0,141.8,28.2,852.1,893.7,91.0,59.19840936
173,425.0,106.3,0.0,153.5,16.5,852.1,887.1,91.0,65.19685056
174,318.8,212.5,0.0,155.7,14.3,852.1,880.4,91.0,68.09954452
175,401.8,94.7,0.0,147.4,11.4,946.8,852.1,91.0,75.49762199999999
176,362.6,189.0,0.0,164.9,11.6,944.7,755.8,91.0,79.29663476
177,379.5,151.2,0.0,153.9,15.9,1134.3,605.0,91.0,56.49566344
178,362.6,189.0,0.0,164.9,11.6,944.7,755.8,91.0,79.29663476
179,286.3,200.9,0.0,144.7,11.2,1004.6,803.7,91.0,76.80073164
180,362.6,189.0,0.0,164.9,11.6,944.7,755.8,91.0,79.29663476
181,439.0,177.0,0.0,186.0,11.1,884.9,707.9,91.0,73.29819356
182,389.9,189.0,0.0,145.9,22.0,944.7,755.8,91.0,82.5992248
183,362.6,189.0,0.0,164.9,11.6,944.7,755.8,91.0,79.29663476
184,337.9,189.0,0.0,174.9,9.5,944.7,755.8,91.0,67.79617508
185,222.36,0.0,96.67,189.29,4.46,967.08,870.32,3.0,11.57630204
186,222.36,0.0,96.67,189.29,4.46,967.08,870.32,14.0,24.44881896
187,222.36,0.0,96.67,189.29,4.46,967.08,870.32,28.0,24.8900836
188,222.36,0.0,96.67,189.29,4.46,967.08,870.32,56.0,29.44751996
189,222.36,0.0,96.67,189.29,4.46,967.08,870.32,100.0,40.7135578
190,233.81,0.0,94.58,197.89,4.567,947.04,852.16,3.0,10.38350856
191,233.81,0.0,94.58,197.89,4.567,947.04,852.16,14.0,22.13907436
192,233.81,0.0,94.58,197.89,4.567,947.04,852.16,28.0,22.83544512
193,233.81,0.0,94.58,197.89,4.567,947.04,852.16,56.0,27.66177712
194,233.81,0.0,94.58,197.89,4.567,947.04,852.16,100.0,34.55653712
195,194.68,0.0,100.52,165.62,7.48,1006.4,905.9,3.0,12.45193656
196,194.68,0.0,100.52,165.62,7.48,1006.4,905.9,14.0,24.98661024
197,194.68,0.0,100.52,165.62,7.48,1006.4,905.9,28.0,25.72434956
198,194.68,0.0,100.52,165.62,7.48,1006.4,905.9,56.0,33.96358776
199,194.68,0.0,100.52,165.62,7.48,1006.4,905.9,100.0,37.34202016
200,190.68,0.0,125.4,162.14,7.77,1090.0,804.01,3.0,15.04436632
201,190.68,0.0,125.4,162.14,7.77,1090.0,804.01,14.0,21.0634918
202,190.68,0.0,125.4,162.14,7.77,1090.0,804.01,28.0,26.40003604
203,190.68,0.0,125.4,162.14,7.77,1090.0,804.01,56.0,35.34253976
204,190.68,0.0,125.4,162.14,7.77,1090.0,804.01,100.0,40.56876784
205,212.07,0.0,121.62,180.31,5.69,1057.6,779.32,3.0,12.47262084
206,212.07,0.0,121.62,180.31,5.69,1057.6,779.32,14.0,20.91870184
207,212.07,0.0,121.62,180.31,5.69,1057.6,779.32,28.0,24.90387312
208,212.07,0.0,121.62,180.31,5.69,1057.6,779.32,56.0,34.20490436
209,212.07,0.0,121.62,180.31,5.69,1057.6,779.32,100.0,39.6103962
210,229.97,0.0,118.31,195.47,4.63,1029.4,758.59,3.0,10.0318758
211,229.97,0.0,118.31,195.47,4.63,1029.4,758.59,14.0,20.08443588
212,229.97,0.0,118.31,195.47,4.63,1029.4,758.59,28.0,24.48329276
213,229.97,0.0,118.31,195.47,4.63,1029.4,758.59,56.0,31.53663224
214,229.97,0.0,118.31,195.47,4.63,1029.4,758.59,100.0,35.34253976
215,190.34,0.0,125.18,161.85,9.88,1088.1,802.59,3.0,9.4458212
216,190.34,0.0,125.18,161.85,9.88,1088.1,802.59,14.0,22.7182342
217,190.34,0.0,125.18,161.85,9.88,1088.1,802.59,28.0,28.46846404
218,190.34,0.0,125.18,161.85,9.88,1088.1,802.59,56.0,38.56239268
219,190.34,0.0,125.18,161.85,9.88,1088.1,802.59,100.0,40.38950408
220,166.09,0.0,163.27,176.46,4.49,1058.6,780.09,3.0,10.76272036
221,166.09,0.0,163.27,176.46,4.49,1058.6,780.09,14.0,25.48303296
222,166.09,0.0,163.27,176.46,4.49,1058.6,780.09,28.0,21.53923024
223,166.09,0.0,163.27,176.46,4.49,1058.6,780.09,56.0,28.62704352
224,166.09,0.0,163.27,176.46,4.49,1058.6,780.09,100.0,33.5430074
225,167.95,42.08,163.83,121.75,5.72,1058.7,780.11,3.0,7.74971024
226,167.95,42.08,163.83,121.75,5.72,1058.7,780.11,14.0,17.8229546
227,167.95,42.08,163.83,121.75,5.72,1058.7,780.11,28.0,24.24197616
228,167.95,42.08,163.83,121.75,5.72,1058.7,780.11,56.0,32.8535314
229,167.95,42.08,163.83,121.75,5.72,1058.7,780.11,100.0,39.2311844
230,213.72,98.05,24.51,181.71,6.86,1065.8,785.38,3.0,17.9953236
231,213.72,98.05,24.51,181.71,6.86,1065.8,785.38,14.0,30.38520732
232,213.72,98.05,24.51,181.71,6.86,1065.8,785.38,28.0,45.70536404
233,213.72,98.05,24.51,181.71,6.86,1065.8,785.38,56.0,50.77301264
234,213.72,98.05,24.51,181.71,6.86,1065.8,785.38,100.0,53.90323368
235,213.76,98.06,24.52,181.74,6.65,1066.0,785.52,3.0,13.18278112
236,213.76,98.06,24.52,181.74,6.65,1066.0,785.52,14.0,17.83674412
237,213.76,98.06,24.52,181.74,6.65,1066.0,785.52,28.0,40.2309246
238,213.76,98.06,24.52,181.74,6.65,1066.0,785.52,56.0,47.13257936
239,213.76,98.06,24.52,181.74,6.65,1066.0,785.52,100.0,49.97322048
240,229.68,0.0,118.16,195.23,6.13,1028.1,757.63,3.0,13.35515012
241,229.68,0.0,118.16,195.23,6.13,1028.1,757.63,14.0,22.31833812
242,229.68,0.0,118.16,195.23,6.13,1028.1,757.63,28.0,24.53845084
243,229.68,0.0,118.16,195.23,6.13,1028.1,757.63,56.0,31.35047372
244,229.68,0.0,118.16,195.23,6.13,1028.1,757.63,100.0,40.85834776
245,238.05,0.0,94.11,186.66,7.0,949.91,847.01,3.0,19.93275116
246,238.05,0.0,94.11,186.66,7.0,949.91,847.01,14.0,25.68987576
247,238.05,0.0,94.11,186.66,7.0,949.91,847.01,28.0,30.2335226
248,238.05,0.0,94.11,186.66,7.0,949.91,847.01,56.0,39.58971192
249,238.05,0.0,94.11,186.66,7.0,949.91,847.01,100.0,44.298833
250,250.0,0.0,95.69,187.42,5.53,956.86,861.17,3.0,13.81709904
251,250.0,0.0,95.69,187.42,5.53,956.86,861.17,14.0,24.91766264
252,250.0,0.0,95.69,187.42,5.53,956.86,861.17,28.0,29.21999288
253,250.0,0.0,95.69,187.42,5.53,956.86,861.17,56.0,38.32797084
254,250.0,0.0,95.69,187.42,5.53,956.86,861.17,100.0,42.34761592
255,212.52,0.0,100.37,159.32,8.71,1007.8,903.59,3.0,13.54130864
256,212.52,0.0,100.37,159.32,8.71,1007.8,903.59,14.0,26.31040416
257,212.52,0.0,100.37,159.32,8.71,1007.8,903.59,28.0,31.64005364
258,212.52,0.0,100.37,159.32,8.71,1007.8,903.59,56.0,42.54756396
259,212.52,0.0,100.37,159.32,8.71,1007.8,903.59,100.0,42.919881
260,212.57,0.0,100.39,159.35,10.37,1003.8,903.79,3.0,13.33446584
261,212.57,0.0,100.39,159.35,10.37,1003.8,903.79,14.0,25.3727168
262,212.57,0.0,100.39,159.35,10.37,1003.8,903.79,28.0,37.404073
263,212.57,0.0,100.39,159.35,10.37,1003.8,903.79,56.0,44.39535964
264,212.57,0.0,100.39,159.35,10.37,1003.8,903.79,100.0,47.73931824
265,212.0,0.0,124.78,159.0,7.84,1085.4,799.54,3.0,19.51906556
266,212.0,0.0,124.78,159.0,7.84,1085.4,799.54,14.0,31.35047372
267,212.0,0.0,124.78,159.0,7.84,1085.4,799.54,28.0,38.50033984
268,212.0,0.0,124.78,159.0,7.84,1085.4,799.54,56.0,45.08483564
269,212.0,0.0,124.78,159.0,7.84,1085.4,799.54,100.0,47.8151606
270,231.75,0.0,121.62,173.96,6.72,1056.4,778.45,3.0,15.43736764
271,231.75,0.0,121.62,173.96,6.72,1056.4,778.45,14.0,26.77235308
272,231.75,0.0,121.62,173.96,6.72,1056.4,778.45,28.0,33.72916592
273,231.75,0.0,121.62,173.96,6.72,1056.4,778.45,56.0,42.69924868
274,231.75,0.0,121.62,173.96,6.72,1056.4,778.45,100.0,45.83636448
275,251.37,0.0,118.27,188.45,5.75,1028.4,757.73,3.0,17.22311048
276,251.37,0.0,118.27,188.45,5.75,1028.4,757.73,14.0,29.93015316
277,251.37,0.0,118.27,188.45,5.75,1028.4,757.73,28.0,29.65436276
278,251.37,0.0,118.27,188.45,5.75,1028.4,757.73,56.0,36.96970312
279,251.37,0.0,118.27,188.45,5.75,1028.4,757.73,100.0,43.58177796
280,251.37,0.0,118.27,188.45,6.35,1028.4,757.73,3.0,13.12072828
281,251.37,0.0,118.27,188.45,6.35,1028.4,757.73,14.0,24.42813468
282,251.37,0.0,118.27,188.45,6.35,1028.4,757.73,28.0,32.66047812
283,251.37,0.0,118.27,188.45,6.35,1028.4,757.73,56.0,36.63875464
284,251.37,0.0,118.27,188.45,6.35,1028.4,757.73,100.0,44.20920112
285,181.38,0.0,167.01,169.59,7.56,1055.6,777.8,3.0,13.62404576
286,181.38,0.0,167.01,169.59,7.56,1055.6,777.8,14.0,21.60128308
287,181.38,0.0,167.01,169.59,7.56,1055.6,777.8,28.0,27.77209328
288,181.38,0.0,167.01,169.59,7.56,1055.6,777.8,56.0,35.57006684
289,181.38,0.0,167.01,169.59,7.56,1055.6,777.8,100.0,45.3675208
290,182.04,45.21,121.97,170.21,8.19,1059.4,780.65,3.0,7.315340359999999
291,182.04,45.21,121.97,170.21,8.19,1059.4,780.65,14.0,21.50475644
292,182.04,45.21,121.97,170.21,8.19,1059.4,780.65,28.0,31.2677366
293,182.04,45.21,121.97,170.21,8.19,1059.4,780.65,56.0,43.49904084
294,182.04,45.21,121.97,170.21,8.19,1059.4,780.65,100.0,48.67011084
295,168.88,42.22,124.25,158.33,10.83,1080.8,796.15,3.0,7.398077479999999
296,168.88,42.22,124.25,158.33,10.83,1080.8,796.15,14.0,23.5111316
297,168.88,42.22,124.25,158.33,10.83,1080.8,796.15,28.0,31.11605188
298,168.88,42.22,124.25,158.33,10.83,1080.8,796.15,56.0,39.14844728
299,168.88,42.22,124.25,158.33,10.83,1080.8,796.15,100.0,48.15300384
300,290.35,0.0,96.18,168.08,9.41,961.18,865.0,3.0,22.50449664
301,290.35,0.0,96.18,168.08,9.41,961.18,865.0,14.0,34.67374804
302,290.35,0.0,96.18,168.08,9.41,961.18,865.0,28.0,34.73580088
303,290.35,0.0,96.18,168.08,9.41,961.18,865.0,56.0,45.08483564
304,290.35,0.0,96.18,168.08,9.41,961.18,865.0,100.0,48.97348028
305,277.05,0.0,97.39,160.6,11.83,973.9,875.61,3.0,23.13881456
306,277.05,0.0,97.39,160.6,11.83,973.9,875.61,14.0,41.885667
307,277.05,0.0,97.39,160.6,11.83,973.9,875.61,28.0,48.28400428
308,277.05,0.0,97.39,160.6,11.83,973.9,875.61,56.0,51.03501352
309,277.05,0.0,97.39,160.6,11.83,973.9,875.61,100.0,55.6407132
310,295.71,0.0,95.64,171.54,8.87,955.14,859.2,3.0,22.94576128
311,295.71,0.0,95.64,171.54,8.87,955.14,859.2,14.0,35.2322236
312,295.71,0.0,95.64,171.54,8.87,955.14,859.2,28.0,39.94134468
313,295.71,0.0,95.64,171.54,8.87,955.14,859.2,56.0,48.71837416
314,295.71,0.0,95.64,171.54,8.87,955.14,859.2,100.0,52.04164848
315,251.81,0.0,99.94,146.14,12.35,1006.0,899.76,3.0,21.02212324
316,251.81,0.0,99.94,146.14,12.35,1006.0,899.76,14.0,33.35684888
317,251.81,0.0,99.94,146.14,12.35,1006.0,899.76,28.0,33.94290348
318,251.81,0.0,99.94,146.14,12.35,1006.0,899.76,56.0,44.14025352
319,251.81,0.0,99.94,146.14,12.35,1006.0,899.76,100.0,45.3675208
320,249.1,0.0,98.75,158.11,12.8,987.76,889.01,3.0,15.36152528
321,249.1,0.0,98.75,158.11,12.8,987.76,889.01,14.0,28.6822016
322,249.1,0.0,98.75,158.11,12.8,987.76,889.01,28.0,30.84715624
323,249.1,0.0,98.75,158.11,12.8,987.76,889.01,56.0,42.03045696
324,249.1,0.0,98.75,158.11,12.8,987.76,889.01,100.0,51.0556978
325,252.31,0.0,98.75,146.25,14.17,987.76,889.01,3.0,21.78054684
326,252.31,0.0,98.75,146.25,14.17,987.76,889.01,14.0,42.29245784
327,252.31,0.0,98.75,146.25,14.17,987.76,889.01,28.0,50.60064364
328,252.31,0.0,98.75,146.25,14.17,987.76,889.01,56.0,55.82687172
329,252.31,0.0,98.75,146.25,14.17,987.76,889.01,100.0,60.9496784
330,246.83,0.0,125.08,143.3,11.99,1086.8,800.89,3.0,23.52492112
331,246.83,0.0,125.08,143.3,11.99,1086.8,800.89,14.0,42.21661548
332,246.83,0.0,125.08,143.3,11.99,1086.8,800.89,28.0,52.5035974
333,246.83,0.0,125.08,143.3,11.99,1086.8,800.89,56.0,60.32225524
334,246.83,0.0,125.08,143.3,11.99,1086.8,800.89,100.0,66.42411784
335,275.07,0.0,121.35,159.48,9.9,1053.6,777.5,3.0,23.80071152
336,275.07,0.0,121.35,159.48,9.9,1053.6,777.5,14.0,38.76923548
337,275.07,0.0,121.35,159.48,9.9,1053.6,777.5,28.0,51.3314882
338,275.07,0.0,121.35,159.48,9.9,1053.6,777.5,56.0,56.8472962
339,275.07,0.0,121.35,159.48,9.9,1053.6,777.5,100.0,58.60546
340,297.16,0.0,117.54,174.8,9.52,1022.8,753.45,3.0,21.91154728
341,297.16,0.0,117.54,174.8,9.52,1022.8,753.45,14.0,36.9903874
342,297.16,0.0,117.54,174.8,9.52,1022.8,753.45,28.0,47.401475
343,297.16,0.0,117.54,174.8,9.52,1022.8,753.45,56.0,51.95891136
344,297.16,0.0,117.54,174.8,9.52,1022.8,753.45,100.0,56.7438748
345,213.74,0.0,174.74,154.79,10.16,1053.5,776.35,3.0,17.57474324
346,213.74,0.0,174.74,154.79,10.16,1053.5,776.35,14.0,33.72916592
347,213.74,0.0,174.74,154.79,10.16,1053.5,776.35,28.0,40.14818748
348,213.74,0.0,174.74,154.79,10.16,1053.5,776.35,56.0,46.6430514
349,213.74,0.0,174.74,154.79,10.16,1053.5,776.35,100.0,50.07664188
350,213.5,0.0,174.24,154.61,11.66,1052.3,775.48,3.0,17.36790044
351,213.5,0.0,174.24,154.61,11.66,1052.3,775.48,14.0,33.70158688
352,213.5,0.0,174.24,154.61,11.66,1052.3,775.48,28.0,45.93978588
353,213.5,0.0,174.24,154.61,11.66,1052.3,775.48,56.0,51.4349096
354,213.5,0.0,174.24,154.61,11.66,1052.3,775.48,100.0,59.30183076
355,277.19,97.82,24.46,160.7,11.19,1061.7,782.46,3.0,30.44726016
356,277.19,97.82,24.46,160.7,11.19,1061.7,782.46,14.0,47.7117392
357,277.19,97.82,24.46,160.7,11.19,1061.7,782.46,28.0,63.14221208
358,277.19,97.82,24.46,160.7,11.19,1061.7,782.46,56.0,66.82401392
359,277.19,97.82,24.46,160.7,11.19,1061.7,782.46,100.0,66.9481196
360,218.23,54.64,123.78,140.75,11.91,1075.7,792.67,3.0,27.42046052
361,218.23,54.64,123.78,140.75,11.91,1075.7,792.67,14.0,35.9561734
362,218.23,54.64,123.78,140.75,11.91,1075.7,792.67,28.0,55.50971276
363,218.23,54.64,123.78,140.75,11.91,1075.7,792.67,56.0,61.99078716
364,218.23,54.64,123.78,140.75,11.91,1075.7,792.67,100.0,63.52831864
365,214.9,53.8,121.89,155.63,9.61,1014.3,780.58,3.0,18.01600788
366,214.9,53.8,121.89,155.63,9.61,1014.3,780.58,14.0,38.60376124
367,214.9,53.8,121.89,155.63,9.61,1014.3,780.58,28.0,52.20022796
368,214.9,53.8,121.89,155.63,9.61,1014.3,780.58,56.0,53.95839176
369,214.9,53.8,121.89,155.63,9.61,1014.3,780.58,100.0,56.63355864
370,218.85,0.0,124.13,158.49,11.33,1078.7,794.91,3.0,15.340841
371,218.85,0.0,124.13,158.49,11.33,1078.7,794.91,14.0,26.04840328
372,218.85,0.0,124.13,158.49,11.33,1078.7,794.91,28.0,30.21973308
373,218.85,0.0,124.13,158.49,11.33,1078.7,794.91,56.0,37.2661778
374,218.85,0.0,124.13,158.49,11.33,1078.7,794.91,100.0,46.2293658
375,376.0,0.0,0.0,214.6,0.0,1003.5,762.36,3.0,16.27852836
376,376.0,0.0,0.0,214.6,0.0,1003.5,762.36,14.0,25.62092816
377,376.0,0.0,0.0,214.6,0.0,1003.5,762.36,28.0,31.97100212
378,376.0,0.0,0.0,214.6,0.0,1003.5,762.36,56.0,36.3009114
379,376.0,0.0,0.0,214.6,0.0,1003.5,762.36,100.0,43.0577762
380,500.0,0.0,0.0,140.0,4.0,966.0,853.0,28.0,67.568648
381,475.0,0.0,59.0,142.0,1.9,1098.0,641.0,28.0,57.226508
382,315.0,137.0,0.0,145.0,5.9,1130.0,745.0,28.0,81.75116932
383,505.0,0.0,60.0,195.0,0.0,1030.0,630.0,28.0,64.0178466
384,451.0,0.0,0.0,165.0,11.25,1030.0,745.0,28.0,78.80021203999999
385,516.0,0.0,0.0,162.0,8.2,801.0,802.0,28.0,41.36856
386,520.0,0.0,0.0,170.0,5.2,855.0,855.0,28.0,60.28088668
387,528.0,0.0,0.0,185.0,6.86,920.0,720.0,28.0,56.83350668
388,520.0,0.0,0.0,175.0,5.2,870.0,805.0,28.0,51.021224
389,385.0,0.0,136.0,158.0,20.0,903.0,768.0,28.0,55.55108132
390,500.1,0.0,0.0,200.0,3.0,1124.4,613.2,28.0,44.13335876
391,450.1,50.0,0.0,200.0,3.0,1124.4,613.2,28.0,39.37597436
392,397.0,17.2,158.0,167.0,20.8,967.0,633.0,28.0,55.64760796
393,333.0,17.5,163.0,167.0,17.9,996.0,652.0,28.0,47.27736932
394,334.0,17.6,158.0,189.0,15.3,967.0,633.0,28.0,44.32641204
395,405.0,0.0,0.0,175.0,0.0,1120.0,695.0,28.0,52.30364936
396,200.0,200.0,0.0,190.0,0.0,1145.0,660.0,28.0,49.24927068
397,516.0,0.0,0.0,162.0,8.26,801.0,802.0,28.0,41.36856
398,145.0,116.0,119.0,184.0,5.7,833.0,880.0,28.0,29.15794004
399,160.0,128.0,122.0,182.0,6.4,824.0,879.0,28.0,39.39665864
400,234.0,156.0,0.0,189.0,5.85,981.0,760.0,28.0,39.300132
401,250.0,180.0,95.0,159.0,9.45,860.0,800.0,28.0,67.86512268
402,475.0,0.0,0.0,162.0,9.5,1044.0,662.0,28.0,58.52272288
403,285.0,190.0,0.0,163.0,7.6,1031.0,685.0,28.0,53.57917996
404,356.0,119.0,0.0,160.0,9.03,1061.0,657.0,28.0,58.99846132
405,275.0,180.0,120.0,162.0,10.35,830.0,765.0,28.0,76.23536132
406,500.0,0.0,0.0,151.0,9.0,1033.0,655.0,28.0,69.83702404
407,165.0,0.02,143.57,163.81,0.0,1005.6,900.9,3.0,14.39625888
408,165.0,128.5,132.1,175.06,8.08,1005.8,746.6,3.0,19.41564416
409,178.03,129.8,118.6,179.94,3.57,1007.3,746.8,3.0,20.72564856
410,167.35,129.9,128.62,175.46,7.79,1006.3,746.6,3.0,14.94094492
411,172.38,13.61,172.37,156.76,4.14,1006.3,856.4,3.0,21.29101888
412,173.54,50.05,173.53,164.77,6.47,1006.2,793.5,3.0,23.07676172
413,167.0,75.4,167.0,164.03,7.91,1007.3,770.1,3.0,15.52010476
414,173.81,93.37,159.9,172.34,9.73,1007.2,746.6,3.0,15.81657944
415,190.34,0.0,125.18,166.61,9.88,1079.0,798.9,3.0,12.5484632
416,250.0,0.0,95.69,191.84,5.33,948.9,857.2,3.0,8.48744956
417,213.5,0.0,174.24,159.21,11.66,1043.6,771.9,3.0,15.60973664
418,194.68,0.0,100.52,170.17,7.48,998.0,901.8,3.0,12.17614616
419,251.37,0.0,118.27,192.94,5.75,1043.6,754.3,3.0,11.98309288
420,165.0,0.02,143.57,163.81,0.0,1005.6,900.9,14.0,16.87837248
421,165.0,128.5,132.1,175.06,8.08,1005.8,746.6,14.0,33.08795324
422,178.03,129.8,118.6,179.94,3.57,1007.3,746.8,14.0,34.23937816
423,167.35,129.9,128.62,175.46,7.79,1006.3,746.6,14.0,31.81242264
424,172.38,13.61,172.37,156.76,4.14,1006.3,856.4,14.0,29.7508894
425,173.54,50.05,173.53,164.77,6.47,1006.2,793.5,14.0,33.00521612
426,167.0,75.4,167.0,164.03,7.91,1007.3,770.1,14.0,32.90179472
427,173.81,93.37,159.9,172.34,9.73,1007.2,746.6,14.0,29.55094136
428,190.34,0.0,125.18,166.61,9.88,1079.0,798.9,14.0,19.41564416
429,250.0,0.0,95.69,191.84,5.33,948.9,857.2,14.0,24.65566176
430,213.5,0.0,174.24,159.21,11.66,1043.6,771.9,14.0,29.59230992
431,194.68,0.0,100.52,170.17,7.48,998.0,901.8,14.0,24.28334472
432,251.37,0.0,118.27,192.94,5.75,1043.6,754.3,14.0,20.72564856
433,165.0,0.02,143.57,163.81,0.0,1005.6,900.9,28.0,26.200088
434,165.0,128.5,132.1,175.06,8.08,1005.8,746.6,28.0,46.38794528
435,178.03,129.8,118.6,179.94,3.57,1007.3,746.8,28.0,39.1622368
436,167.35,129.9,128.62,175.46,7.79,1006.3,746.6,28.0,41.20308576
437,172.38,13.61,172.37,156.76,4.14,1006.3,856.4,28.0,33.68779736
438,173.54,50.05,173.53,164.77,6.47,1006.2,793.5,28.0,38.20386516
439,167.0,75.4,167.0,164.03,7.91,1007.3,770.1,28.0,41.40992856
440,173.81,93.37,159.9,172.34,9.73,1007.2,746.6,28.0,37.81086384
441,190.34,0.0,125.18,166.61,9.88,1079.0,798.9,28.0,24.84871504
442,250.0,0.0,95.69,191.84,5.33,948.9,857.2,28.0,27.22051248
443,213.5,0.0,174.24,159.21,11.66,1043.6,771.9,28.0,44.63667624
444,194.68,0.0,100.52,170.17,7.48,998.0,901.8,28.0,37.2661778
445,251.37,0.0,118.27,192.94,5.75,1043.6,754.3,28.0,33.27411176
446,165.0,0.02,143.57,163.81,0.0,1005.6,900.9,56.0,36.56291228
447,165.0,128.5,132.1,175.06,8.08,1005.8,746.6,56.0,53.72396992
448,178.03,129.8,118.6,179.94,3.57,1007.3,746.8,56.0,48.58737372
449,167.35,129.9,128.62,175.46,7.79,1006.3,746.6,56.0,51.72448952
450,172.38,13.61,172.37,156.76,4.14,1006.3,856.4,56.0,35.852751999999995
451,173.54,50.05,173.53,164.77,6.47,1006.2,793.5,56.0,53.77223324
452,167.0,75.4,167.0,164.03,7.91,1007.3,770.1,56.0,53.46196904
453,173.81,93.37,159.9,172.34,9.73,1007.2,746.6,56.0,48.9872698
454,190.34,0.0,125.18,166.61,9.88,1079.0,798.9,56.0,31.715896
455,250.0,0.0,95.69,191.84,5.33,948.9,857.2,56.0,39.64487
456,213.5,0.0,174.24,159.21,11.66,1043.6,771.9,56.0,51.25564584
457,194.68,0.0,100.52,170.17,7.48,998.0,901.8,56.0,43.38872468
458,251.37,0.0,118.27,192.94,5.75,1043.6,754.3,56.0,39.2656582
459,165.0,0.02,143.57,163.81,0.0,1005.6,900.9,100.0,37.9556538
460,165.0,128.5,132.1,175.06,8.08,1005.8,746.6,100.0,55.0201848
461,178.03,129.8,118.6,179.94,3.57,1007.3,746.8,100.0,49.99390476
462,167.35,129.9,128.62,175.46,7.79,1006.3,746.6,100.0,53.65502232
463,172.38,13.61,172.37,156.76,4.14,1006.3,856.4,100.0,37.6798634
464,173.54,50.05,173.53,164.77,6.47,1006.2,793.5,100.0,56.06129356
465,167.0,75.4,167.0,164.03,7.91,1007.3,770.1,100.0,56.8128224
466,173.81,93.37,159.9,172.34,9.73,1007.2,746.6,100.0,50.93848688
467,190.34,0.0,125.18,166.61,9.88,1079.0,798.9,100.0,33.56369168
468,250.0,0.0,95.69,191.84,5.33,948.9,857.2,100.0,41.1617172
469,213.5,0.0,174.24,159.21,11.66,1043.6,771.9,100.0,52.95865156
470,194.68,0.0,100.52,170.17,7.48,998.0,901.8,100.0,44.27814872
471,251.37,0.0,118.27,192.94,5.75,1043.6,754.3,100.0,40.14818748
472,446.0,24.0,79.0,162.0,11.61,967.0,712.0,28.0,57.02655996
473,446.0,24.0,79.0,162.0,11.64,967.0,712.0,28.0,44.42293868
474,446.0,24.0,79.0,162.0,11.64,967.0,712.0,28.0,51.021224
475,446.0,24.0,79.0,162.0,10.3,967.0,712.0,28.0,53.38612668
476,446.0,24.0,79.0,162.0,11.61,967.0,712.0,3.0,35.36322404
477,446.0,24.0,79.0,162.0,11.64,967.0,712.0,3.0,25.02108404
478,446.0,24.0,79.0,162.0,11.64,967.0,712.0,3.0,23.34565736
479,446.0,24.0,79.0,162.0,11.61,967.0,712.0,7.0,52.00717468
480,446.0,24.0,79.0,162.0,11.64,967.0,712.0,7.0,38.01770664
481,446.0,24.0,79.0,162.0,11.64,967.0,712.0,7.0,39.300132
482,446.0,24.0,79.0,162.0,11.61,967.0,712.0,56.0,61.06688932
483,446.0,24.0,79.0,162.0,11.64,967.0,712.0,56.0,56.14403068
484,446.0,24.0,79.0,162.0,11.64,967.0,712.0,56.0,55.25460664
485,446.0,24.0,79.0,162.0,10.3,967.0,712.0,56.0,54.76507868
486,387.0,20.0,94.0,157.0,14.32,938.0,845.0,28.0,50.23522136
487,387.0,20.0,94.0,157.0,13.93,938.0,845.0,28.0,46.68441996
488,387.0,20.0,94.0,157.0,11.61,938.0,845.0,28.0,46.68441996
489,387.0,20.0,94.0,157.0,14.32,938.0,845.0,3.0,22.752708
490,387.0,20.0,94.0,157.0,13.93,938.0,845.0,3.0,25.510612
491,387.0,20.0,94.0,157.0,11.61,938.0,845.0,3.0,34.77027468
492,387.0,20.0,94.0,157.0,14.32,938.0,845.0,7.0,36.83870268
493,387.0,20.0,94.0,157.0,13.93,938.0,845.0,7.0,45.89841732
494,387.0,20.0,94.0,157.0,11.61,938.0,845.0,7.0,41.66503468
495,387.0,20.0,94.0,157.0,14.32,938.0,845.0,56.0,56.33708396
496,387.0,20.0,94.0,157.0,13.93,938.0,845.0,56.0,47.96684532
497,387.0,20.0,94.0,157.0,11.61,938.0,845.0,56.0,61.45989064
498,355.0,19.0,97.0,145.0,13.13,967.0,871.0,28.0,44.02993736
499,355.0,19.0,97.0,145.0,12.25,967.0,871.0,28.0,55.45455468
500,491.0,26.0,123.0,210.0,3.93,882.0,699.0,28.0,55.55108132
501,491.0,26.0,123.0,201.0,3.93,822.0,699.0,28.0,57.915984
502,491.0,26.0,123.0,210.0,3.93,882.0,699.0,3.0,25.60910856945864
503,491.0,26.0,123.0,210.0,3.93,882.0,699.0,7.0,33.488834284729315
504,491.0,26.0,123.0,210.0,3.93,882.0,699.0,56.0,59.59042571527068
505,491.0,26.0,123.0,201.0,3.93,822.0,699.0,3.0,29.54897143054136
506,491.0,26.0,123.0,201.0,3.93,822.0,699.0,7.0,37.92118
507,491.0,26.0,123.0,201.0,3.93,822.0,699.0,56.0,61.85584685418796
508,424.0,22.0,132.0,178.0,8.48,822.0,750.0,28.0,62.05284
509,424.0,22.0,132.0,178.0,8.48,882.0,750.0,3.0,32.01138571527068
510,424.0,22.0,132.0,168.0,8.92,822.0,750.0,28.0,72.09850532
511,424.0,22.0,132.0,178.0,8.48,822.0,750.0,7.0,39.004642284729314
512,424.0,22.0,132.0,178.0,8.48,822.0,750.0,56.0,65.69721314581203
513,424.0,22.0,132.0,168.0,8.92,822.0,750.0,3.0,32.10988228472932
514,424.0,22.0,132.0,168.0,8.92,822.0,750.0,7.0,40.28509771527068
515,424.0,22.0,132.0,168.0,8.92,822.0,750.0,56.0,74.3649114581204
516,202.0,11.0,141.0,206.0,1.72,942.0,801.0,28.0,21.96670536
517,202.0,11.0,141.0,206.0,1.72,942.0,801.0,3.0,9.84965714581204
518,202.0,11.0,141.0,206.0,1.72,942.0,801.0,7.0,15.069975430541358
519,202.0,11.0,141.0,206.0,1.72,942.0,801.0,56.0,23.24519085418796
520,284.0,15.0,141.0,179.0,5.46,842.0,801.0,28.0,43.73346268
521,284.0,15.0,141.0,179.0,5.46,842.0,801.0,3.0,13.39553371527068
522,284.0,15.0,141.0,179.0,5.46,842.0,801.0,7.0,24.13166
523,284.0,15.0,141.0,179.0,5.46,842.0,801.0,56.0,44.520450284729314
524,359.0,19.0,141.0,154.0,10.91,942.0,801.0,28.0,62.93536928
525,359.0,19.0,141.0,154.0,10.91,942.0,801.0,28.0,59.49488404
526,359.0,19.0,141.0,154.0,10.91,942.0,801.0,3.0,25.11662571527068
527,359.0,19.0,141.0,154.0,10.91,942.0,801.0,3.0,23.63917714581204
528,359.0,19.0,141.0,154.0,10.91,942.0,801.0,7.0,35.75425543054136
529,359.0,19.0,141.0,154.0,10.91,942.0,801.0,7.0,38.610656
530,359.0,19.0,141.0,154.0,10.91,942.0,801.0,56.0,68.75060685418796
531,359.0,19.0,141.0,154.0,10.91,942.0,801.0,56.0,66.78067543054136
532,436.0,0.0,0.0,218.0,0.0,838.4,719.7,28.0,23.84897484
533,289.0,0.0,0.0,192.0,0.0,913.2,895.3,90.0,32.068218236
534,289.0,0.0,0.0,192.0,0.0,913.2,895.3,3.0,11.654902304
535,393.0,0.0,0.0,192.0,0.0,940.6,785.6,3.0,19.199148696
536,393.0,0.0,0.0,192.0,0.0,940.6,785.6,90.0,48.846616696
537,393.0,0.0,0.0,192.0,0.0,940.6,785.6,28.0,39.604880392
538,480.0,0.0,0.0,192.0,0.0,936.2,712.2,28.0,43.942373908
539,480.0,0.0,0.0,192.0,0.0,936.2,712.2,7.0,34.569637164
540,480.0,0.0,0.0,192.0,0.0,936.2,712.2,90.0,54.315540328
541,480.0,0.0,0.0,192.0,0.0,936.2,712.2,3.0,24.404692496
542,333.0,0.0,0.0,192.0,0.0,931.2,842.6,3.0,15.615941924
543,255.0,0.0,0.0,192.0,0.0,889.8,945.0,90.0,21.859147104
544,255.0,0.0,0.0,192.0,0.0,889.8,945.0,7.0,10.222171176
545,289.0,0.0,0.0,192.0,0.0,913.2,895.3,7.0,14.596896395999998
546,255.0,0.0,0.0,192.0,0.0,889.8,945.0,28.0,18.746162964
547,333.0,0.0,0.0,192.0,0.0,931.2,842.6,28.0,31.966865264
548,333.0,0.0,0.0,192.0,0.0,931.2,842.6,7.0,23.404952296
549,289.0,0.0,0.0,192.0,0.0,913.2,895.3,28.0,25.573354316
550,333.0,0.0,0.0,192.0,0.0,931.2,842.6,90.0,41.680203152
551,393.0,0.0,0.0,192.0,0.0,940.6,785.6,7.0,27.742445812
552,255.0,0.0,0.0,192.0,0.0,889.8,945.0,3.0,8.204074924
553,158.8,238.2,0.0,185.7,0.0,1040.6,734.3,7.0,9.617500724
554,239.6,359.4,0.0,185.7,0.0,941.6,664.3,7.0,25.422359072
555,238.2,158.8,0.0,185.7,0.0,1040.6,734.3,7.0,15.691094808
556,181.9,272.8,0.0,185.7,0.0,1012.4,714.3,28.0,27.935499092
557,193.5,290.2,0.0,185.7,0.0,998.2,704.3,28.0,32.626693796000005
558,255.5,170.3,0.0,185.7,0.0,1026.6,724.3,7.0,17.236210524
559,272.8,181.9,0.0,185.7,0.0,1012.4,714.3,7.0,19.765208492
560,239.6,359.4,0.0,185.7,0.0,941.6,664.3,28.0,39.435269296
561,220.8,147.2,0.0,185.7,0.0,1055.0,744.3,28.0,25.74503384
562,397.0,0.0,0.0,185.7,0.0,1040.6,734.3,28.0,33.082437432
563,382.5,0.0,0.0,185.7,0.0,1047.8,739.3,7.0,24.065470304
564,210.7,316.1,0.0,185.7,0.0,977.0,689.3,7.0,21.819846972
565,158.8,238.2,0.0,185.7,0.0,1040.6,734.3,28.0,21.066249704
566,295.8,0.0,0.0,185.7,0.0,1091.4,769.3,7.0,14.843728804
567,255.5,170.3,0.0,185.7,0.0,1026.6,724.3,28.0,32.051670812
568,203.5,135.7,0.0,185.7,0.0,1076.2,759.3,7.0,11.957582268
569,397.0,0.0,0.0,185.7,0.0,1040.6,734.3,7.0,25.447869684
570,381.4,0.0,0.0,185.7,0.0,1104.6,784.3,28.0,22.489328168
571,295.8,0.0,0.0,185.7,0.0,1091.4,769.3,28.0,25.216895224
572,228.0,342.1,0.0,185.7,0.0,955.8,674.3,28.0,39.699338604
573,220.8,147.2,0.0,185.7,0.0,1055.0,744.3,7.0,13.089012384
574,316.1,210.7,0.0,185.7,0.0,977.0,689.3,28.0,38.70028788
575,135.7,203.5,0.0,185.7,0.0,1076.2,759.3,7.0,7.507014687999999
576,238.1,0.0,0.0,185.7,0.0,1118.8,789.3,28.0,17.576122192
577,339.2,0.0,0.0,185.7,0.0,1069.2,754.3,7.0,21.179323768
578,135.7,203.5,0.0,185.7,0.0,1076.2,759.3,28.0,18.19871902
579,193.5,290.2,0.0,185.7,0.0,998.2,704.3,7.0,17.200357771999997
580,203.5,135.7,0.0,185.7,0.0,1076.2,759.3,28.0,22.629981272
581,290.2,193.5,0.0,185.7,0.0,998.2,704.3,7.0,21.859147104
582,181.9,272.8,0.0,185.7,0.0,1012.4,714.3,7.0,12.37264682
583,170.3,155.5,0.0,185.7,0.0,1026.6,724.3,28.0,25.726417988
584,210.7,316.1,0.0,185.7,0.0,977.0,689.3,28.0,37.813621744
585,228.0,342.1,0.0,185.7,0.0,955.8,674.3,7.0,21.917063088
586,290.2,193.5,0.0,185.7,0.0,998.2,704.3,28.0,33.0431373
587,381.4,0.0,0.0,185.7,0.0,1104.6,784.3,7.0,14.54104884
588,238.2,158.8,0.0,185.7,0.0,1040.6,734.3,28.0,26.91369566
589,186.2,124.1,0.0,185.7,0.0,1083.4,764.3,7.0,7.995853172
590,339.2,0.0,0.0,185.7,0.0,1069.2,754.3,28.0,31.899986092
591,238.1,0.0,0.0,185.7,0.0,1118.8,789.3,7.0,10.335934716
592,252.5,0.0,0.0,185.7,0.0,1111.6,784.3,28.0,19.765208492
593,382.5,0.0,0.0,185.7,0.0,1047.8,739.3,28.0,37.437857324
594,252.5,0.0,0.0,185.7,0.0,1111.6,784.3,7.0,11.483912255999998
595,316.1,210.7,0.0,185.7,0.0,977.0,689.3,7.0,24.437787344
596,186.2,124.1,0.0,185.7,0.0,1083.4,764.3,28.0,17.596806471999997
597,170.3,155.5,0.0,185.7,0.0,1026.6,724.3,7.0,10.730314988
598,272.8,181.9,0.0,185.7,0.0,1012.4,714.3,28.0,31.38150014
599,339.0,0.0,0.0,197.0,0.0,968.0,781.0,3.0,13.22414968
600,339.0,0.0,0.0,197.0,0.0,968.0,781.0,7.0,20.96696516
601,339.0,0.0,0.0,197.0,0.0,968.0,781.0,14.0,27.04124872
602,339.0,0.0,0.0,197.0,0.0,968.0,781.0,28.0,32.03994972
603,339.0,0.0,0.0,197.0,0.0,968.0,781.0,90.0,35.17017076
604,339.0,0.0,0.0,197.0,0.0,968.0,781.0,180.0,36.44570136
605,339.0,0.0,0.0,197.0,0.0,968.0,781.0,365.0,38.89334116
606,236.0,0.0,0.0,194.0,0.0,968.0,885.0,3.0,6.467284879999999
607,236.0,0.0,0.0,194.0,0.0,968.0,885.0,14.0,12.83804312
608,236.0,0.0,0.0,194.0,0.0,968.0,885.0,28.0,18.41590396
609,236.0,0.0,0.0,194.0,0.0,968.0,885.0,90.0,21.94602108
610,236.0,0.0,0.0,193.0,0.0,968.0,885.0,180.0,24.10408096
611,236.0,0.0,0.0,193.0,0.0,968.0,885.0,365.0,25.08313688
612,277.0,0.0,0.0,191.0,0.0,968.0,856.0,14.0,21.26343984
613,277.0,0.0,0.0,191.0,0.0,968.0,856.0,28.0,25.96566616
614,277.0,0.0,0.0,191.0,0.0,968.0,856.0,3.0,11.36256448
615,277.0,0.0,0.0,191.0,0.0,968.0,856.0,90.0,31.25394708
616,277.0,0.0,0.0,191.0,0.0,968.0,856.0,180.0,32.32952964
617,277.0,0.0,0.0,191.0,0.0,968.0,856.0,360.0,33.70158688
618,254.0,0.0,0.0,198.0,0.0,968.0,863.0,3.0,9.307926
619,254.0,0.0,0.0,198.0,0.0,968.0,863.0,90.0,26.94472208
620,254.0,0.0,0.0,198.0,0.0,968.0,863.0,180.0,27.62730332
621,254.0,0.0,0.0,198.0,0.0,968.0,863.0,365.0,29.7853632
622,307.0,0.0,0.0,193.0,0.0,968.0,812.0,180.0,34.48758952
623,307.0,0.0,0.0,193.0,0.0,968.0,812.0,365.0,36.14922668
624,307.0,0.0,0.0,193.0,0.0,968.0,812.0,3.0,12.54156844
625,307.0,0.0,0.0,193.0,0.0,968.0,812.0,28.0,27.53077668
626,307.0,0.0,0.0,193.0,0.0,968.0,812.0,90.0,32.922479
627,236.0,0.0,0.0,193.0,0.0,968.0,885.0,7.0,9.99050724
628,200.0,0.0,0.0,180.0,0.0,1125.0,845.0,7.0,7.839342119999999
629,200.0,0.0,0.0,180.0,0.0,1125.0,845.0,28.0,12.24509376
630,225.0,0.0,0.0,181.0,0.0,1113.0,833.0,7.0,11.1695112
631,225.0,0.0,0.0,181.0,0.0,1113.0,833.0,28.0,17.3403214
632,325.0,0.0,0.0,184.0,0.0,1063.0,783.0,7.0,17.54026944
633,325.0,0.0,0.0,184.0,0.0,1063.0,783.0,28.0,30.57136584
634,275.0,0.0,0.0,183.0,0.0,1088.0,808.0,7.0,14.2032056
635,275.0,0.0,0.0,183.0,0.0,1088.0,808.0,28.0,24.49708228
636,300.0,0.0,0.0,184.0,0.0,1075.0,795.0,7.0,15.57526284
637,300.0,0.0,0.0,184.0,0.0,1075.0,795.0,28.0,26.84819544
638,375.0,0.0,0.0,186.0,0.0,1038.0,758.0,7.0,26.0621928
639,375.0,0.0,0.0,186.0,0.0,1038.0,758.0,28.0,38.21075992
640,400.0,0.0,0.0,187.0,0.0,1025.0,745.0,28.0,43.69898888
641,400.0,0.0,0.0,187.0,0.0,1025.0,745.0,7.0,30.14389072
642,250.0,0.0,0.0,182.0,0.0,1100.0,820.0,7.0,12.73462172
643,250.0,0.0,0.0,182.0,0.0,1100.0,820.0,28.0,20.87043852
644,350.0,0.0,0.0,186.0,0.0,1050.0,770.0,7.0,20.27748916
645,350.0,0.0,0.0,186.0,0.0,1050.0,770.0,28.0,34.29453624
646,203.5,305.3,0.0,203.5,0.0,963.4,630.0,7.0,19.539060364
647,250.2,166.8,0.0,203.5,0.0,977.6,694.1,90.0,47.714497104
648,157.0,236.0,0.0,192.0,0.0,935.4,781.2,90.0,43.377003588
649,141.3,212.0,0.0,203.5,0.0,971.8,748.5,28.0,29.89223198
650,166.8,250.2,0.0,203.5,0.0,975.6,692.6,3.0,6.902344236
651,122.6,183.9,0.0,203.5,0.0,958.2,800.1,90.0,33.192064116000005
652,183.9,122.6,0.0,203.5,0.0,959.2,800.0,3.0,4.9035533120000006
653,102.0,153.0,0.0,192.0,0.0,887.0,942.0,3.0,4.565020596
654,102.0,153.0,0.0,192.0,0.0,887.0,942.0,90.0,25.460969728
655,122.6,183.9,0.0,203.5,0.0,958.2,800.1,28.0,24.290928956
656,166.8,250.2,0.0,203.5,0.0,975.6,692.6,28.0,33.947729812
657,200.0,133.0,0.0,192.0,0.0,965.4,806.2,3.0,11.41427518
658,108.3,162.4,0.0,203.5,0.0,938.2,849.0,28.0,20.593958644
659,305.3,203.5,0.0,203.5,0.0,965.4,631.0,7.0,25.893960656
660,108.3,162.4,0.0,203.5,0.0,938.2,849.0,90.0,29.231713972
661,116.0,173.0,0.0,192.0,0.0,909.8,891.9,90.0,31.023662096
662,141.3,212.0,0.0,203.5,0.0,971.8,748.5,7.0,10.3938507
663,157.0,236.0,0.0,192.0,0.0,935.4,781.2,28.0,33.664355176
664,133.0,200.0,0.0,192.0,0.0,927.4,839.2,28.0,27.874825204
665,250.2,166.8,0.0,203.5,0.0,977.6,694.1,7.0,19.35014394
666,173.0,116.0,0.0,192.0,0.0,946.8,856.8,7.0,11.392211948
667,192.0,288.0,0.0,192.0,0.0,929.8,716.1,3.0,12.788400847999998
668,192.0,288.0,0.0,192.0,0.0,929.8,716.1,28.0,39.321505756
669,153.0,102.0,0.0,192.0,0.0,888.0,943.1,3.0,4.782205536
670,288.0,192.0,0.0,192.0,0.0,932.0,717.8,3.0,16.10960674
671,305.3,203.5,0.0,203.5,0.0,965.4,631.0,28.0,43.377003588
672,236.0,157.0,0.0,192.0,0.0,972.6,749.1,7.0,20.416073836
673,173.0,116.0,0.0,192.0,0.0,946.8,856.8,3.0,6.940954892
674,212.0,141.3,0.0,203.5,0.0,973.4,750.0,7.0,15.0305768
675,236.0,157.0,0.0,192.0,0.0,972.6,749.1,3.0,13.5654403
676,183.9,122.6,0.0,203.5,0.0,959.2,800.0,90.0,32.53292506
677,166.8,250.2,0.0,203.5,0.0,975.6,692.6,7.0,15.748321315999998
678,102.0,153.0,0.0,192.0,0.0,887.0,942.0,7.0,7.675936308
679,288.0,192.0,0.0,192.0,0.0,932.0,717.8,28.0,38.804398756000005
680,212.0,141.3,0.0,203.5,0.0,973.4,750.0,28.0,33.003837168
681,102.0,153.0,0.0,192.0,0.0,887.0,942.0,28.0,17.275510655999998
682,173.0,116.0,0.0,192.0,0.0,946.8,856.8,28.0,24.281965768
683,183.9,122.6,0.0,203.5,0.0,959.2,800.0,28.0,24.046164976
684,133.0,200.0,0.0,192.0,0.0,927.4,839.2,90.0,36.588422892
685,192.0,288.0,0.0,192.0,0.0,929.8,716.1,90.0,50.732333556
686,133.0,200.0,0.0,192.0,0.0,927.4,839.2,7.0,13.664035368
687,305.3,203.5,0.0,203.5,0.0,965.4,631.0,3.0,14.143910664
688,236.0,157.0,0.0,192.0,0.0,972.6,749.1,90.0,47.782065752
689,108.3,162.4,0.0,203.5,0.0,938.2,849.0,3.0,2.331807832
690,157.0,236.0,0.0,192.0,0.0,935.4,781.2,7.0,16.889404096
691,288.0,192.0,0.0,192.0,0.0,932.0,717.8,7.0,23.523542168
692,212.0,141.3,0.0,203.5,0.0,973.4,750.0,3.0,6.8085755
693,212.0,141.3,0.0,203.5,0.0,973.4,750.0,90.0,39.70002808
694,153.0,102.0,0.0,192.0,0.0,888.0,943.1,28.0,17.96429718
695,236.0,157.0,0.0,192.0,0.0,972.6,749.1,28.0,32.88455782
696,116.0,173.0,0.0,192.0,0.0,909.8,891.9,28.0,22.347985588
697,183.9,122.6,0.0,203.5,0.0,959.2,800.0,7.0,10.787541496
698,108.3,162.4,0.0,203.5,0.0,938.2,849.0,7.0,7.723510152
699,203.5,305.3,0.0,203.5,0.0,963.4,630.0,28.0,41.684340008
700,203.5,305.3,0.0,203.5,0.0,963.4,630.0,3.0,9.561653168
701,133.0,200.0,0.0,192.0,0.0,927.4,839.2,3.0,6.883728383999999
702,288.0,192.0,0.0,192.0,0.0,932.0,717.8,90.0,50.526869708
703,200.0,133.0,0.0,192.0,0.0,965.4,806.2,7.0,17.165883972
704,200.0,133.0,0.0,192.0,0.0,965.4,806.2,28.0,30.439675924
705,250.2,166.8,0.0,203.5,0.0,977.6,694.1,3.0,9.731264264
706,122.6,183.9,0.0,203.5,0.0,958.2,800.1,3.0,3.31982694
707,153.0,102.0,0.0,192.0,0.0,888.0,943.1,90.0,26.322814728
708,200.0,133.0,0.0,192.0,0.0,965.4,806.2,90.0,43.25082948
709,116.0,173.0,0.0,192.0,0.0,909.8,891.9,3.0,6.280436883999999
710,173.0,116.0,0.0,192.0,0.0,946.8,856.8,90.0,32.102692036
711,250.2,166.8,0.0,203.5,0.0,977.6,694.1,28.0,36.964187312
712,305.3,203.5,0.0,203.5,0.0,965.4,631.0,90.0,54.598914964
713,192.0,288.0,0.0,192.0,0.0,929.8,716.1,7.0,21.48062478
714,157.0,236.0,0.0,192.0,0.0,935.4,781.2,3.0,9.694722036
715,153.0,102.0,0.0,192.0,0.0,888.0,943.1,7.0,8.374375495999999
716,141.3,212.0,0.0,203.5,0.0,971.8,748.5,90.0,39.6621069
717,116.0,173.0,0.0,192.0,0.0,909.8,891.9,7.0,10.089791784
718,141.3,212.0,0.0,203.5,0.0,971.8,748.5,3.0,4.827710952
719,122.6,183.9,0.0,203.5,0.0,958.2,800.1,7.0,10.354550568
720,166.8,250.2,0.0,203.5,0.0,975.6,692.6,90.0,43.565230536
721,203.5,305.3,0.0,203.5,0.0,963.4,630.0,90.0,51.863763672
722,310.0,0.0,0.0,192.0,0.0,1012.0,830.0,3.0,11.85209244
723,310.0,0.0,0.0,192.0,0.0,1012.0,830.0,7.0,17.24379476
724,310.0,0.0,0.0,192.0,0.0,1012.0,830.0,28.0,27.82725136
725,310.0,0.0,0.0,192.0,0.0,1012.0,830.0,90.0,35.76312012
726,310.0,0.0,0.0,192.0,0.0,1012.0,830.0,120.0,38.70028788
727,331.0,0.0,0.0,192.0,0.0,1025.0,821.0,3.0,14.306627
728,331.0,0.0,0.0,192.0,0.0,1025.0,821.0,7.0,17.43684804
729,331.0,0.0,0.0,192.0,0.0,1025.0,821.0,28.0,31.74347504
730,331.0,0.0,0.0,192.0,0.0,1025.0,821.0,90.0,37.91428524
731,331.0,0.0,0.0,192.0,0.0,1025.0,821.0,120.0,39.38286912
732,349.0,0.0,0.0,192.0,0.0,1056.0,809.0,3.0,15.87173752
733,349.0,0.0,0.0,192.0,0.0,1056.0,809.0,7.0,9.01145132
734,349.0,0.0,0.0,192.0,0.0,1056.0,809.0,28.0,33.60506024
735,349.0,0.0,0.0,192.0,0.0,1056.0,809.0,90.0,40.65839972
736,349.0,0.0,0.0,192.0,0.0,1056.0,809.0,120.0,40.85834776
737,238.0,0.0,0.0,186.0,0.0,1119.0,789.0,7.0,12.05204048
738,238.0,0.0,0.0,186.0,0.0,1119.0,789.0,28.0,17.54026944
739,296.0,0.0,0.0,186.0,0.0,1090.0,769.0,7.0,18.91232668
740,296.0,0.0,0.0,186.0,0.0,1090.0,769.0,28.0,25.17966352
741,297.0,0.0,0.0,186.0,0.0,1040.0,734.0,7.0,30.9574724
742,480.0,0.0,0.0,192.0,0.0,936.0,721.0,28.0,43.89204216
743,480.0,0.0,0.0,192.0,0.0,936.0,721.0,90.0,54.27555072
744,397.0,0.0,0.0,186.0,0.0,1040.0,734.0,28.0,36.93522932
745,281.0,0.0,0.0,186.0,0.0,1104.0,774.0,7.0,14.49968028
746,281.0,0.0,0.0,185.0,0.0,1104.0,774.0,28.0,22.43554904
747,500.0,0.0,0.0,200.0,0.0,1125.0,613.0,1.0,12.63809508
748,500.0,0.0,0.0,200.0,0.0,1125.0,613.0,3.0,26.0621928
749,500.0,0.0,0.0,200.0,0.0,1125.0,613.0,7.0,33.21205892
750,500.0,0.0,0.0,200.0,0.0,1125.0,613.0,14.0,36.93522932
751,500.0,0.0,0.0,200.0,0.0,1125.0,613.0,28.0,44.0919902
752,540.0,0.0,0.0,173.0,0.0,1125.0,613.0,7.0,52.61391356
753,540.0,0.0,0.0,173.0,0.0,1125.0,613.0,14.0,59.76377968
754,540.0,0.0,0.0,173.0,0.0,1125.0,613.0,28.0,67.30664712
755,540.0,0.0,0.0,173.0,0.0,1125.0,613.0,90.0,69.65776027999999
756,540.0,0.0,0.0,173.0,0.0,1125.0,613.0,180.0,71.62276688
757,540.0,0.0,0.0,173.0,0.0,1125.0,613.0,270.0,74.16693332
758,350.0,0.0,0.0,203.0,0.0,974.0,775.0,7.0,18.12632404
759,350.0,0.0,0.0,203.0,0.0,974.0,775.0,14.0,22.53207568
760,350.0,0.0,0.0,203.0,0.0,974.0,775.0,28.0,27.3377234
761,350.0,0.0,0.0,203.0,0.0,974.0,775.0,56.0,29.97841648
762,350.0,0.0,0.0,203.0,0.0,974.0,775.0,90.0,31.35047372
763,350.0,0.0,0.0,203.0,0.0,974.0,775.0,180.0,32.72253096
764,385.0,0.0,0.0,186.0,0.0,966.0,763.0,1.0,6.26733684
765,385.0,0.0,0.0,186.0,0.0,966.0,763.0,3.0,14.69962832
766,385.0,0.0,0.0,186.0,0.0,966.0,763.0,7.0,23.22155168
767,385.0,0.0,0.0,186.0,0.0,966.0,763.0,14.0,27.923778
768,385.0,0.0,0.0,186.0,0.0,966.0,763.0,28.0,31.35047372
769,331.0,0.0,0.0,192.0,0.0,978.0,825.0,180.0,38.99676256
770,331.0,0.0,0.0,192.0,0.0,978.0,825.0,360.0,41.24445432
771,349.0,0.0,0.0,192.0,0.0,1047.0,806.0,3.0,14.98920824
772,331.0,0.0,0.0,192.0,0.0,978.0,825.0,3.0,13.52062436
773,382.0,0.0,0.0,186.0,0.0,1047.0,739.0,7.0,24.00065956
774,382.0,0.0,0.0,186.0,0.0,1047.0,739.0,28.0,37.42475728
775,382.0,0.0,0.0,186.0,0.0,1111.0,784.0,7.0,11.46598588
776,281.0,0.0,0.0,186.0,0.0,1104.0,774.0,28.0,22.43554904
777,339.0,0.0,0.0,185.0,0.0,1069.0,754.0,7.0,21.16001844
778,339.0,0.0,0.0,185.0,0.0,1069.0,754.0,28.0,31.84000168
779,295.0,0.0,0.0,185.0,0.0,1069.0,769.0,7.0,14.79615496
780,295.0,0.0,0.0,185.0,0.0,1069.0,769.0,28.0,25.17966352
781,238.0,0.0,0.0,185.0,0.0,1118.0,789.0,28.0,17.54026944
782,296.0,0.0,0.0,192.0,0.0,1085.0,765.0,7.0,14.2032056
783,296.0,0.0,0.0,192.0,0.0,1085.0,765.0,28.0,21.6495464
784,296.0,0.0,0.0,192.0,0.0,1085.0,765.0,90.0,29.39236188
785,331.0,0.0,0.0,192.0,0.0,879.0,825.0,3.0,13.52062436
786,331.0,0.0,0.0,192.0,0.0,978.0,825.0,7.0,16.26473884
787,331.0,0.0,0.0,192.0,0.0,978.0,825.0,28.0,31.44700036
788,331.0,0.0,0.0,192.0,0.0,978.0,825.0,90.0,37.231704
789,349.0,0.0,0.0,192.0,0.0,1047.0,806.0,7.0,18.12632404
790,349.0,0.0,0.0,192.0,0.0,1047.0,806.0,28.0,32.72253096
791,349.0,0.0,0.0,192.0,0.0,1047.0,806.0,90.0,39.48629052
792,349.0,0.0,0.0,192.0,0.0,1047.0,806.0,180.0,41.05140104
793,349.0,0.0,0.0,192.0,0.0,1047.0,806.0,360.0,42.1269836
794,302.0,0.0,0.0,203.0,0.0,974.0,817.0,14.0,18.12632404
795,302.0,0.0,0.0,203.0,0.0,974.0,817.0,180.0,26.74477404
796,525.0,0.0,0.0,189.0,0.0,1125.0,613.0,180.0,61.92183956
797,500.0,0.0,0.0,200.0,0.0,1125.0,613.0,90.0,47.22221124
798,500.0,0.0,0.0,200.0,0.0,1125.0,613.0,180.0,51.04190828
799,500.0,0.0,0.0,200.0,0.0,1125.0,613.0,270.0,55.15808
800,540.0,0.0,0.0,173.0,0.0,1125.0,613.0,3.0,41.63745564
801,252.0,0.0,0.0,185.0,0.0,1111.0,784.0,7.0,13.71367764
802,252.0,0.0,0.0,185.0,0.0,1111.0,784.0,28.0,19.69143456
803,339.0,0.0,0.0,185.0,0.0,1060.0,754.0,28.0,31.6469484
804,393.0,0.0,0.0,192.0,0.0,940.0,758.0,3.0,19.10537996
805,393.0,0.0,0.0,192.0,0.0,940.0,758.0,28.0,39.58281716
806,393.0,0.0,0.0,192.0,0.0,940.0,758.0,90.0,48.79421652
807,382.0,0.0,0.0,185.0,0.0,1047.0,739.0,7.0,24.00065956
808,382.0,0.0,0.0,185.0,0.0,1047.0,739.0,28.0,37.42475728
809,252.0,0.0,0.0,186.0,0.0,1111.0,784.0,7.0,11.46598588
810,252.0,0.0,0.0,185.0,0.0,1111.0,784.0,28.0,19.69143456
811,310.0,0.0,0.0,192.0,0.0,970.0,850.0,7.0,14.98920824
812,310.0,0.0,0.0,192.0,0.0,970.0,850.0,28.0,27.923778
813,310.0,0.0,0.0,192.0,0.0,970.0,850.0,90.0,34.6806428
814,310.0,0.0,0.0,192.0,0.0,970.0,850.0,180.0,37.32823064
815,310.0,0.0,0.0,192.0,0.0,970.0,850.0,360.0,38.11423328
816,525.0,0.0,0.0,189.0,0.0,1125.0,613.0,3.0,33.79811352
817,525.0,0.0,0.0,189.0,0.0,1125.0,613.0,7.0,42.42345828
818,525.0,0.0,0.0,189.0,0.0,1125.0,613.0,14.0,48.4012152
819,525.0,0.0,0.0,189.0,0.0,1125.0,613.0,28.0,55.94408264
820,525.0,0.0,0.0,189.0,0.0,1125.0,613.0,90.0,58.78472376
821,525.0,0.0,0.0,189.0,0.0,1125.0,613.0,270.0,67.11359384
822,322.0,0.0,0.0,203.0,0.0,974.0,800.0,14.0,20.77391188
823,322.0,0.0,0.0,203.0,0.0,974.0,800.0,28.0,25.17966352
824,322.0,0.0,0.0,203.0,0.0,974.0,800.0,180.0,29.58541516
825,302.0,0.0,0.0,203.0,0.0,974.0,817.0,28.0,21.7529678
826,397.0,0.0,0.0,185.0,0.0,1040.0,734.0,28.0,39.0932892
827,480.0,0.0,0.0,192.0,0.0,936.0,721.0,3.0,24.39366088
828,522.0,0.0,0.0,146.0,0.0,896.0,896.0,7.0,50.51101176
829,522.0,0.0,0.0,146.0,0.0,896.0,896.0,28.0,74.98740975999999
830,273.0,105.0,82.0,210.0,9.0,904.0,680.0,28.0,37.16965116
831,162.0,190.0,148.0,179.0,19.0,838.0,741.0,28.0,33.75674496
832,154.0,144.0,112.0,220.0,10.0,923.0,658.0,28.0,16.49916068
833,147.0,115.0,89.0,202.0,9.0,860.0,829.0,28.0,19.98790924
834,152.0,178.0,139.0,168.0,18.0,944.0,695.0,28.0,36.34917472
835,310.0,143.0,111.0,168.0,22.0,914.0,651.0,28.0,33.68779736
836,144.0,0.0,175.0,158.0,18.0,943.0,844.0,28.0,15.41668336
837,304.0,140.0,0.0,214.0,6.0,895.0,722.0,28.0,33.41890172
838,374.0,0.0,0.0,190.0,7.0,1013.0,730.0,28.0,39.05192064
839,159.0,149.0,116.0,175.0,15.0,953.0,720.0,28.0,27.67556664
840,153.0,239.0,0.0,200.0,6.0,1002.0,684.0,28.0,26.8550902
841,310.0,143.0,0.0,168.0,10.0,914.0,804.0,28.0,45.2985732
842,305.0,0.0,100.0,196.0,10.0,959.0,705.0,28.0,30.12320644
843,151.0,0.0,184.0,167.0,12.0,991.0,772.0,28.0,15.56836808
844,142.0,167.0,130.0,174.0,11.0,883.0,785.0,28.0,44.6090972
845,298.0,137.0,107.0,201.0,6.0,878.0,655.0,28.0,53.52402188
846,321.0,164.0,0.0,190.0,5.0,870.0,774.0,28.0,57.21271848
847,366.0,187.0,0.0,191.0,7.0,824.0,757.0,28.0,65.90701084
848,280.0,129.0,100.0,172.0,9.0,825.0,805.0,28.0,52.82075636
849,252.0,97.0,76.0,194.0,8.0,835.0,821.0,28.0,33.39821744
850,165.0,0.0,150.0,182.0,12.0,1023.0,729.0,28.0,18.0297974
851,156.0,243.0,0.0,180.0,11.0,1022.0,698.0,28.0,37.36270444
852,160.0,188.0,146.0,203.0,11.0,829.0,710.0,28.0,32.83974188
853,298.0,0.0,107.0,186.0,6.0,879.0,815.0,28.0,42.63719584
854,318.0,0.0,126.0,210.0,6.0,861.0,737.0,28.0,40.0585556
855,287.0,121.0,94.0,188.0,9.0,904.0,696.0,28.0,41.94082508
856,326.0,166.0,0.0,174.0,9.0,882.0,790.0,28.0,61.23236356
857,356.0,0.0,142.0,193.0,11.0,801.0,778.0,28.0,40.86524252
858,132.0,207.0,161.0,179.0,5.0,867.0,736.0,28.0,33.3016908
859,322.0,149.0,0.0,186.0,8.0,951.0,709.0,28.0,52.42086028
860,164.0,0.0,200.0,181.0,13.0,849.0,846.0,28.0,15.08573488
861,314.0,0.0,113.0,170.0,10.0,925.0,783.0,28.0,38.45897128
862,321.0,0.0,128.0,182.0,11.0,870.0,780.0,28.0,37.25928304
863,140.0,164.0,128.0,237.0,6.0,869.0,656.0,28.0,35.22532884
864,288.0,121.0,0.0,177.0,7.0,908.0,829.0,28.0,42.13387836
865,298.0,0.0,107.0,210.0,11.0,880.0,744.0,28.0,31.87447548
866,265.0,111.0,86.0,195.0,6.0,833.0,790.0,28.0,41.540929
867,160.0,250.0,0.0,168.0,12.0,1049.0,688.0,28.0,39.45181672
868,166.0,260.0,0.0,183.0,13.0,859.0,827.0,28.0,37.91428524
869,276.0,116.0,90.0,180.0,9.0,870.0,768.0,28.0,44.27814872
870,322.0,0.0,116.0,196.0,10.0,818.0,813.0,28.0,31.17810472
871,149.0,139.0,109.0,193.0,6.0,892.0,780.0,28.0,23.69039536
872,159.0,187.0,0.0,176.0,11.0,990.0,789.0,28.0,32.763899519999995
873,261.0,100.0,78.0,201.0,9.0,864.0,761.0,28.0,32.39847724
874,237.0,92.0,71.0,247.0,6.0,853.0,695.0,28.0,28.62704352
875,313.0,0.0,113.0,178.0,8.0,1002.0,689.0,28.0,36.80422888
876,155.0,183.0,0.0,193.0,9.0,1047.0,697.0,28.0,18.28490352
877,146.0,230.0,0.0,202.0,3.0,827.0,872.0,28.0,33.0603742
878,296.0,0.0,107.0,221.0,11.0,819.0,778.0,28.0,31.41942132
879,133.0,210.0,0.0,196.0,3.0,949.0,795.0,28.0,31.02642
880,313.0,145.0,0.0,178.0,8.0,867.0,824.0,28.0,44.38846488
881,152.0,0.0,112.0,184.0,8.0,992.0,816.0,28.0,12.17614616
882,153.0,145.0,113.0,178.0,8.0,1002.0,689.0,28.0,25.55887532
883,140.0,133.0,103.0,200.0,7.0,916.0,753.0,28.0,36.4388066
884,149.0,236.0,0.0,176.0,13.0,847.0,893.0,28.0,32.9569528
885,300.0,0.0,120.0,212.0,10.0,878.0,728.0,28.0,23.83518532
886,153.0,145.0,113.0,178.0,8.0,867.0,824.0,28.0,26.22766704
887,148.0,0.0,137.0,158.0,16.0,1002.0,830.0,28.0,17.95395504
888,326.0,0.0,138.0,199.0,11.0,801.0,792.0,28.0,40.679084
889,153.0,145.0,0.0,178.0,8.0,1000.0,822.0,28.0,19.00885332
890,262.0,111.0,86.0,195.0,5.0,895.0,733.0,28.0,33.7153764
891,158.0,0.0,195.0,220.0,11.0,898.0,713.0,28.0,8.53571288
892,151.0,0.0,185.0,167.0,16.0,1074.0,678.0,28.0,13.45857152
893,273.0,0.0,90.0,199.0,11.0,931.0,762.0,28.0,32.23989776
894,149.0,118.0,92.0,183.0,7.0,953.0,780.0,28.0,23.51802636
895,143.0,169.0,143.0,191.0,8.0,967.0,643.0,28.0,29.72331036
896,260.0,101.0,78.0,171.0,10.0,936.0,763.0,28.0,49.77327244
897,313.0,161.0,0.0,178.0,10.0,917.0,759.0,28.0,52.44154456
898,284.0,120.0,0.0,168.0,7.0,970.0,794.0,28.0,40.93419012
899,336.0,0.0,0.0,182.0,3.0,986.0,817.0,28.0,44.86420332
900,145.0,0.0,134.0,181.0,11.0,979.0,812.0,28.0,13.19657064
901,150.0,237.0,0.0,174.0,12.0,1069.0,675.0,28.0,37.43165204
902,144.0,170.0,133.0,192.0,8.0,814.0,805.0,28.0,29.86810032
903,331.0,170.0,0.0,195.0,8.0,811.0,802.0,28.0,56.61287436
904,155.0,0.0,143.0,193.0,9.0,1047.0,697.0,28.0,12.45883132
905,155.0,183.0,0.0,193.0,9.0,877.0,868.0,28.0,23.786922
906,135.0,0.0,166.0,180.0,10.0,961.0,805.0,28.0,13.29309728
907,266.0,112.0,87.0,178.0,10.0,910.0,745.0,28.0,39.41734292
908,314.0,145.0,113.0,179.0,8.0,869.0,690.0,28.0,46.2293658
909,313.0,145.0,0.0,127.0,8.0,1000.0,822.0,28.0,44.51946532
910,146.0,173.0,0.0,182.0,3.0,986.0,817.0,28.0,23.73865868
911,144.0,136.0,106.0,178.0,7.0,941.0,774.0,28.0,26.14492992
912,148.0,0.0,182.0,181.0,15.0,839.0,884.0,28.0,15.52010476
913,277.0,117.0,91.0,191.0,7.0,946.0,666.0,28.0,43.5748832
914,298.0,0.0,107.0,164.0,13.0,953.0,784.0,28.0,35.85964676
915,313.0,145.0,0.0,178.0,8.0,1002.0,689.0,28.0,41.05140104
916,155.0,184.0,143.0,194.0,9.0,880.0,699.0,28.0,28.98557104
917,289.0,134.0,0.0,195.0,6.0,924.0,760.0,28.0,46.24315532
918,148.0,175.0,0.0,171.0,2.0,1000.0,828.0,28.0,26.91714304
919,145.0,0.0,179.0,202.0,8.0,824.0,869.0,28.0,10.53519328
920,313.0,0.0,0.0,178.0,8.0,1000.0,822.0,28.0,25.0969264
921,136.0,162.0,126.0,172.0,10.0,923.0,764.0,28.0,29.06830816
922,155.0,0.0,143.0,193.0,9.0,877.0,868.0,28.0,9.73540112
923,255.0,99.0,77.0,189.0,6.0,919.0,749.0,28.0,33.79811352
924,162.0,207.0,172.0,216.0,10.0,822.0,638.0,28.0,39.84481804
925,136.0,196.0,98.0,199.0,6.0,847.0,783.0,28.0,26.96540636
926,164.0,163.0,128.0,197.0,8.0,961.0,641.0,28.0,27.234302
927,162.0,214.0,164.0,202.0,10.0,820.0,680.0,28.0,30.6472082
928,157.0,214.0,152.0,200.0,9.0,819.0,704.0,28.0,33.05347944
929,149.0,153.0,194.0,192.0,8.0,935.0,623.0,28.0,24.5798194
930,135.0,105.0,193.0,196.0,6.0,965.0,643.0,28.0,21.91154728
931,159.0,209.0,161.0,201.0,7.0,848.0,669.0,28.0,30.88163004
932,144.0,15.0,195.0,176.0,6.0,1021.0,709.0,28.0,15.340841
933,154.0,174.0,185.0,228.0,7.0,845.0,612.0,28.0,24.3385028
934,167.0,187.0,195.0,185.0,7.0,898.0,636.0,28.0,23.8903434
935,184.0,86.0,190.0,213.0,6.0,923.0,623.0,28.0,22.93197176
936,156.0,178.0,187.0,221.0,7.0,854.0,614.0,28.0,29.41304616
937,236.9,91.7,71.5,246.9,6.0,852.9,695.4,28.0,28.629801424
938,313.3,0.0,113.0,178.5,8.0,1001.9,688.7,28.0,36.804918356
939,154.8,183.4,0.0,193.3,9.1,1047.4,696.7,28.0,18.287661424
940,145.9,230.5,0.0,202.5,3.4,827.0,871.8,28.0,32.720462532
941,296.0,0.0,106.7,221.4,10.5,819.2,778.4,28.0,31.420110796000003
942,133.1,210.2,0.0,195.7,3.1,949.4,795.3,28.0,28.937997196
943,313.3,145.0,0.0,178.5,8.0,867.2,824.0,28.0,40.925226932
944,151.6,0.0,111.9,184.4,7.9,992.0,815.9,28.0,12.180972492
945,153.1,145.0,113.0,178.5,8.0,1001.9,688.7,28.0,25.559564796
946,139.9,132.6,103.3,200.3,7.4,916.0,753.4,28.0,36.443632932
947,149.5,236.0,0.0,175.8,12.6,846.8,892.7,28.0,32.96384756
948,299.8,0.0,119.8,211.5,9.9,878.2,727.6,28.0,23.835874796
949,153.1,145.0,113.0,178.5,8.0,867.2,824.0,28.0,26.233182848
950,148.1,0.0,136.6,158.1,16.1,1001.8,830.1,28.0,17.959470848000002
951,326.5,0.0,137.9,199.0,10.8,801.1,792.5,28.0,38.630650804
952,152.7,144.7,0.0,178.1,8.0,999.7,822.2,28.0,19.009542796
953,261.9,110.5,86.1,195.4,5.0,895.2,732.6,28.0,33.71882378
954,158.4,0.0,194.9,219.7,11.0,897.7,712.9,28.0,8.536402356
955,150.7,0.0,185.3,166.7,15.6,1074.5,678.0,28.0,13.461329424
956,272.6,0.0,89.6,198.7,10.6,931.3,762.2,28.0,32.245413568000004
957,149.0,117.6,91.7,182.9,7.1,953.4,780.3,28.0,23.524231644
958,143.0,169.4,142.7,190.7,8.4,967.4,643.5,28.0,29.726068263999995
959,259.9,100.6,78.4,170.6,10.4,935.7,762.9,28.0,49.77327244
960,312.9,160.5,0.0,177.6,9.6,916.6,759.5,28.0,52.446370892
961,284.0,119.7,0.0,168.3,7.2,970.4,794.2,28.0,40.934879596
962,336.5,0.0,0.0,181.9,3.4,985.8,816.8,28.0,44.868340176
963,144.8,0.0,133.6,180.8,11.1,979.5,811.5,28.0,13.202086448
964,150.0,236.8,0.0,173.8,11.9,1069.3,674.8,28.0,37.43165204
965,143.7,170.2,132.6,191.6,8.5,814.1,805.3,28.0,29.870858224
966,330.5,169.6,0.0,194.9,8.1,811.0,802.3,28.0,56.619079644
967,154.8,0.0,142.8,193.3,9.1,1047.4,696.7,28.0,12.459520796
968,154.8,183.4,0.0,193.3,9.1,877.2,867.7,28.0,23.786922
969,134.7,0.0,165.7,180.2,10.0,961.0,804.9,28.0,13.293786756
970,266.2,112.3,87.5,177.9,10.4,909.7,744.5,28.0,39.421479776
971,314.0,145.3,113.2,178.9,8.0,869.1,690.2,28.0,46.234192132
972,312.7,144.7,0.0,127.3,8.0,999.7,822.2,28.0,44.523602176
973,145.7,172.6,0.0,181.9,3.4,985.8,816.8,28.0,23.744174488
974,143.8,136.3,106.2,178.1,7.5,941.5,774.3,28.0,26.147687824
975,148.1,0.0,182.1,181.4,15.0,838.9,884.3,28.0,15.526310044
976,277.0,116.8,91.0,190.6,7.0,946.5,665.6,28.0,43.57833058
977,298.1,0.0,107.5,163.6,12.8,953.2,784.0,28.0,35.86585204399999
978,313.3,145.0,0.0,178.5,8.0,1001.9,688.7,28.0,41.053469468
979,155.2,183.9,143.2,193.8,9.2,879.6,698.5,28.0,28.991086848
980,289.0,133.7,0.0,194.9,5.5,924.1,760.1,28.0,46.247292176
981,147.8,175.1,0.0,171.2,2.2,1000.0,828.5,28.0,26.922658848
982,145.4,0.0,178.9,201.7,7.8,824.0,868.7,28.0,10.535882756
983,312.7,0.0,0.0,178.1,8.0,999.7,822.2,28.0,25.10382116
984,136.4,161.6,125.8,171.6,10.4,922.6,764.4,28.0,29.073134492
985,154.8,0.0,142.8,193.3,9.1,877.2,867.7,28.0,9.738159024
986,255.3,98.8,77.0,188.6,6.5,919.0,749.3,28.0,33.798802996
987,272.8,105.1,81.8,209.7,9.0,904.0,679.7,28.0,37.171030112
988,162.0,190.1,148.1,178.8,18.8,838.1,741.4,28.0,33.762260768
989,153.6,144.2,112.3,220.1,10.1,923.2,657.9,28.0,16.503987012
990,146.5,114.6,89.3,201.9,8.8,860.0,829.5,28.0,19.98790924
991,151.8,178.1,138.7,167.5,18.3,944.0,694.6,28.0,36.349864196
992,309.9,142.8,111.2,167.8,22.1,913.9,651.2,28.0,38.215586252
993,143.6,0.0,174.9,158.4,17.9,942.7,844.5,28.0,15.42357812
994,303.6,139.9,0.0,213.5,6.2,895.5,722.5,28.0,33.419591196
995,374.3,0.0,0.0,190.2,6.7,1013.2,730.4,28.0,39.056057496
996,158.6,148.9,116.0,175.1,15.0,953.3,719.7,28.0,27.681082448
997,152.6,238.7,0.0,200.0,6.3,1001.8,683.9,28.0,26.859916532
998,310.0,142.8,0.0,167.9,10.0,914.3,804.0,28.0,45.304778484
999,304.8,0.0,99.6,196.0,9.8,959.4,705.2,28.0,30.12320644
1000,150.9,0.0,183.9,166.6,11.6,991.2,772.2,28.0,15.569747032
1001,141.9,166.6,129.7,173.5,10.9,882.6,785.3,28.0,44.61185510399999
1002,297.8,137.2,106.9,201.3,6.0,878.4,655.3,28.0,53.524711356
1003,321.3,164.2,0.0,190.5,4.6,870.0,774.0,28.0,57.21823428799999
1004,366.0,187.0,0.0,191.3,6.6,824.3,756.9,28.0,65.909079268
1005,279.8,128.9,100.4,172.4,9.5,825.1,804.9,28.0,52.826961644
1006,252.1,97.1,75.6,193.8,8.3,835.5,821.4,28.0,33.399596392
1007,164.6,0.0,150.4,181.6,11.7,1023.3,728.9,28.0,18.033934256
1008,155.6,243.5,0.0,180.3,10.7,1022.0,697.7,28.0,37.363393916
1009,160.2,188.0,146.4,203.2,11.3,828.7,709.7,28.0,35.314271244
1010,298.1,0.0,107.0,186.4,6.1,879.0,815.2,28.0,42.6440906
1011,317.9,0.0,126.5,209.7,5.7,860.5,736.6,28.0,40.06200298
1012,287.3,120.5,93.9,187.6,9.2,904.4,695.9,28.0,43.798273424
1013,325.6,166.4,0.0,174.0,8.9,881.6,790.0,28.0,61.23581094
1014,355.9,0.0,141.6,193.3,11.0,801.4,778.4,28.0,40.8686899
1015,132.0,206.5,160.9,178.9,5.5,866.9,735.6,28.0,33.306517132
1016,322.5,148.6,0.0,185.8,8.5,951.0,709.5,28.0,52.426376088
1017,164.2,0.0,200.1,181.2,12.6,849.3,846.0,28.0,15.091250688
1018,313.8,0.0,112.6,169.9,10.1,925.3,782.9,28.0,38.461039708
1019,321.4,0.0,127.9,182.5,11.5,870.1,779.7,28.0,37.265488324
1020,139.7,163.9,127.7,236.7,5.8,868.6,655.6,28.0,35.22532884
1021,288.4,121.0,0.0,177.4,7.0,907.9,829.5,28.0,42.14008364399999
1022,298.2,0.0,107.0,209.7,11.1,879.6,744.2,28.0,31.875164956000003
1023,264.5,111.0,86.5,195.5,5.9,832.6,790.4,28.0,41.542307952
1024,159.8,250.0,0.0,168.4,12.2,1049.3,688.2,28.0,39.455953576
1025,166.0,259.7,0.0,183.2,12.7,858.8,826.8,28.0,37.917043144
1026,276.4,116.0,90.3,179.6,8.9,870.1,768.3,28.0,44.284354004
1027,322.2,0.0,115.6,196.0,10.4,817.9,813.4,28.0,31.178794196
1028,148.5,139.4,108.6,192.7,6.1,892.4,780.0,28.0,23.696600644
1029,159.1,186.7,0.0,175.6,11.3,989.6,788.9,28.0,32.768036376000005
1030,260.9,100.5,78.3,200.6,8.6,864.5,761.5,28.0,32.401235144
1031,335.0,0.0,0.0,178.0,2.95,1140.0,788.0,7.0,29.2
1032,322.0,0.0,0.0,188.0,2.8,1127.0,795.0,7.0,26.5
1033,328.0,0.0,0.0,182.0,2.88,1143.0,775.0,7.0,28.1
1034,339.0,0.0,0.0,176.0,3.05,1131.0,782.0,7.0,29.8
1035,330.0,0.0,0.0,185.0,2.92,1134.0,790.0,7.0,27.4
1036,325.0,0.0,0.0,187.0,2.78,1135.0,778.0,7.0,26.8
1037,338.0,0.0,0.0,179.0,3.02,1136.0,772.0,7.0,29.5
1038,321.0,0.0,0.0,189.0,2.85,1127.0,798.0,7.0,26.2
1039,332.0,0.0,0.0,181.0,2.98,1142.0,785.0,7.0,28.4
1040,326.0,0.0,0.0,186.0,2.82,1131.0,774.0,7.0,27.1
1041,336.0,0.0,0.0,177.0,3.08,1138.0,792.0,7.0,29.4
1042,324.0,0.0,0.0,188.0,2.76,1135.0,780.0,7.0,26.6
1043,334.0,0.0,0.0,180.0,2.94,1141.0,776.0,7.0,28.9
1044,329.0,0.0,0.0,184.0,2.89,1130.0,794.0,7.0,27.6
1045,337.0,0.0,0.0,178.0,3.04,1140.0,786.0,7.0,29.6
1046,323.0,0.0,0.0,189.0,2.79,1124.0,773.0,7.0,26.3
1047,331.0,0.0,0.0,183.0,2.96,1141.0,789.0,7.0,27.9
1048,327.0,0.0,0.0,185.0,2.84,1134.0,796.0,7.0,27.3
1049,340.0,0.0,0.0,175.0,3.1,1140.0,779.0,7.0,30.0
1050,320.0,0.0,0.0,190.0,2.75,1120.0,799.0,7.0,26.0
1051,333.0,0.0,0.0,182.0,2.9,1138.0,784.0,7.0,28.3
1052,328.0,0.0,0.0,186.0,2.86,1133.0,777.0,7.0,27.2
1053,335.0,0.0,0.0,179.0,3.01,1138.0,791.0,7.0,29.3
1054,325.0,0.0,0.0,187.0,2.81,1132.0,783.0,7.0,26.9
1055,338.0,0.0,0.0,176.0,3.07,1130.0,775.0,7.0,29.9
1056,322.0,0.0,0.0,188.0,2.77,1131.0,797.0,7.0,26.4
1057,330.0,0.0,0.0,183.0,2.93,1142.0,788.0,7.0,28.0
1058,326.0,0.0,0.0,185.0,2.87,1126.0,772.0,7.0,27.5
1059,336.0,0.0,0.0,178.0,3.03,1144.0,781.0,7.0,29.5
1060,324.0,0.0,0.0,189.0,2.83,1127.0,793.0,7.0,26.7
1061,332.0,0.0,0.0,181.0,2.97,1141.0,776.0,7.0,28.6
1062,329.0,0.0,0.0,184.0,2.91,1128.0,785.0,7.0,27.7
1063,339.0,0.0,0.0,177.0,3.09,1143.0,799.0,7.0,29.7
1064,321.0,0.0,0.0,188.0,2.75,1128.0,774.0,7.0,26.1
1065,334.0,0.0,0.0,180.0,2.99,1140.0,790.0,7.0,29.0
1066,327.0,0.0,0.0,186.0,2.85,1123.0,778.0,7.0,27.0
1067,337.0,0.0,0.0,178.0,3.06,1139.0,787.0,7.0,29.6
1068,323.0,0.0,0.0,189.0,2.8,1131.0,795.0,7.0,26.5
1069,331.0,0.0,0.0,182.0,2.95,1143.0,782.0,7.0,28.2
1070,325.0,0.0,0.0,187.0,2.88,1134.0,773.0,7.0,26.8
1071,335.0,0.0,0.0,179.0,3.02,1141.0,798.0,7.0,29.2
1072,328.0,0.0,0.0,185.0,2.94,1125.0,784.0,7.0,27.3
1073,338.0,0.0,0.0,176.0,3.08,1140.0,777.0,7.0,29.8
1074,322.0,0.0,0.0,188.0,2.76,1129.0,791.0,7.0,26.4
1075,333.0,0.0,0.0,181.0,2.9,1141.0,783.0,7.0,28.7
1076,326.0,0.0,0.0,186.0,2.84,1130.0,775.0,7.0,27.1
1077,336.0,0.0,0.0,177.0,3.05,1145.0,796.0,7.0,29.4
1078,324.0,0.0,0.0,189.0,2.78,1125.0,789.0,7.0,26.6
1079,330.0,0.0,0.0,183.0,2.96,1136.0,780.0,7.0,28.0
1080,329.0,0.0,0.0,184.0,2.92,1135.0,772.0,7.0,27.6
1081,339.0,0.0,0.0,178.0,3.0,1141.0,794.0,7.0,29.7
1082,321.0,0.0,0.0,190.0,2.79,1125.0,776.0,7.0,26.1
1083,332.0,0.0,0.0,180.0,2.98,1138.0,785.0,7.0,28.8
1084,327.0,0.0,0.0,185.0,2.86,1140.0,792.0,7.0,27.4
1085,337.0,0.0,0.0,179.0,3.04,1129.0,779.0,7.0,29.5
1086,325.0,0.0,0.0,187.0,2.81,1125.0,798.0,7.0,26.9
1087,334.0,0.0,0.0,181.0,2.93,1143.0,786.0,7.0,29.1
1088,323.0,0.0,0.0,188.0,2.77,1130.0,774.0,7.0,26.3
1089,331.0,0.0,0.0,182.0,2.97,1143.0,790.0,7.0,28.5
1090,328.0,0.0,0.0,186.0,2.89,1133.0,781.0,7.0,27.2
1091,335.0,0.0,0.0,178.0,3.06,1141.0,773.0,7.0,29.3
1092,322.0,0.0,0.0,189.0,2.82,1133.0,795.0,7.0,26.5
1093,338.0,0.0,0.0,177.0,3.01,1130.0,787.0,7.0,29.9
1094,326.0,0.0,0.0,185.0,2.85,1133.0,778.0,7.0,27.1
1095,333.0,0.0,0.0,180.0,2.99,1140.0,799.0,7.0,28.7
1096,324.0,0.0,0.0,187.0,2.76,1127.0,784.0,7.0,26.7
1097,336.0,0.0,0.0,179.0,3.03,1145.0,791.0,7.0,29.4
1098,329.0,0.0,0.0,184.0,2.9,1130.0,777.0,7.0,27.7
1099,340.0,0.0,0.0,175.0,3.1,1138.0,782.0,7.0,30.0
1100,320.0,0.0,0.0,190.0,2.75,1120.0,772.0,7.0,26.0
1101,330.0,0.0,0.0,183.0,2.95,1139.0,796.0,7.0,28.1
1102,325.0,0.0,0.0,186.0,2.84,1134.0,789.0,7.0,27.0
1103,337.0,0.0,0.0,178.0,3.07,1132.0,775.0,7.0,29.6
1104,323.0,0.0,0.0,188.0,2.78,1134.0,793.0,7.0,26.4
1105,332.0,0.0,0.0,181.0,2.92,1130.0,780.0,7.0,28.6
1106,327.0,0.0,0.0,185.0,2.88,1139.0,776.0,7.0,27.3
1107,335.0,0.0,0.0,179.0,3.04,1136.0,794.0,7.0,29.2
1108,322.0,0.0,0.0,189.0,2.81,1133.0,786.0,7.0,26.2
1109,334.0,0.0,0.0,180.0,2.96,1135.0,798.0,7.0,28.9
1110,328.0,0.0,0.0,184.0,2.87,1140.0,779.0,7.0,27.5
1111,339.0,0.0,0.0,176.0,3.09,1133.0,791.0,7.0,29.8
1112,324.0,0.0,0.0,187.0,2.79,1124.0,774.0,7.0,26.6
1113,331.0,0.0,0.0,182.0,2.91,1140.0,788.0,7.0,28.3
1114,326.0,0.0,0.0,186.0,2.83,1134.0,783.0,7.0,27.1
1115,336.0,0.0,0.0,178.0,3.0,1142.0,795.0,7.0,29.5
1116,321.0,0.0,0.0,190.0,2.77,1122.0,777.0,7.0,26.1
1117,333.0,0.0,0.0,181.0,2.94,1141.0,792.0,7.0,28.8
1118,325.0,0.0,0.0,188.0,2.8,1132.0,781.0,7.0,26.9
1119,338.0,0.0,0.0,177.0,3.05,1141.0,773.0,7.0,29.7
1120,329.0,0.0,0.0,183.0,2.89,1127.0,797.0,7.0,27.8
1121,337.0,0.0,0.0,179.0,3.02,1142.0,785.0,7.0,29.4
1122,323.0,0.0,0.0,189.0,2.82,1130.0,778.0,7.0,26.3
1123,330.0,0.0,0.0,184.0,2.97,1126.0,790.0,7.0,27.9
1124,335.0,0.0,0.0,178.0,3.08,1141.0,799.0,7.0,29.3
1125,322.0,0.0,0.0,188.0,2.76,1130.0,775.0,7.0,26.4
1126,334.0,0.0,0.0,180.0,2.98,1144.0,787.0,7.0,29.0
1127,327.0,0.0,0.0,185.0,2.86,1126.0,793.0,7.0,27.4
1128,339.0,0.0,0.0,176.0,3.03,1139.0,776.0,7.0,29.9
1129,325.0,0.0,0.0,187.0,2.84,1142.0,784.0,7.0,26.8
1130,332.0,0.0,0.0,181.0,2.91,1141.0,796.0,7.0,28.5
1131,335.0,0.0,0.0,178.0,2.95,1140.0,788.0,28.0,34.4
1132,322.0,0.0,0.0,188.0,2.8,1127.0,795.0,28.0,31.5
1133,328.0,0.0,0.0,182.0,2.88,1143.0,775.0,28.0,33.0
1134,339.0,0.0,0.0,176.0,3.05,1131.0,782.0,28.0,34.9
1135,330.0,0.0,0.0,185.0,2.92,1134.0,790.0,28.0,32.3
1136,325.0,0.0,0.0,187.0,2.78,1135.0,778.0,28.0,31.7
1137,338.0,0.0,0.0,179.0,3.02,1136.0,772.0,28.0,34.7
1138,321.0,0.0,0.0,189.0,2.85,1127.0,798.0,28.0,31.1
1139,332.0,0.0,0.0,181.0,2.98,1142.0,785.0,28.0,33.4
1140,326.0,0.0,0.0,186.0,2.82,1131.0,774.0,28.0,32.0
1141,336.0,0.0,0.0,177.0,3.08,1138.0,792.0,28.0,34.5
1142,324.0,0.0,0.0,188.0,2.76,1135.0,780.0,28.0,31.4
1143,334.0,0.0,0.0,180.0,2.94,1141.0,776.0,28.0,33.9
1144,329.0,0.0,0.0,184.0,2.89,1130.0,794.0,28.0,32.6
1145,337.0,0.0,0.0,178.0,3.04,1140.0,786.0,28.0,34.8
1146,323.0,0.0,0.0,189.0,2.79,1124.0,773.0,28.0,31.2
1147,331.0,0.0,0.0,183.0,2.96,1141.0,789.0,28.0,32.8
1148,327.0,0.0,0.0,185.0,2.84,1134.0,796.0,28.0,32.2
1149,340.0,0.0,0.0,175.0,3.1,1140.0,779.0,28.0,35.0
1150,320.0,0.0,0.0,190.0,2.75,1120.0,799.0,28.0,31.0
1151,333.0,0.0,0.0,182.0,2.9,1138.0,784.0,28.0,33.2
1152,328.0,0.0,0.0,186.0,2.86,1133.0,777.0,28.0,32.1
1153,335.0,0.0,0.0,179.0,3.01,1138.0,791.0,28.0,34.3
1154,325.0,0.0,0.0,187.0,2.81,1132.0,783.0,28.0,31.8
1155,338.0,0.0,0.0,176.0,3.07,1130.0,775.0,28.0,34.9
1156,322.0,0.0,0.0,188.0,2.77,1131.0,797.0,28.0,31.3
1157,330.0,0.0,0.0,183.0,2.93,1142.0,788.0,28.0,32.9
1158,326.0,0.0,0.0,185.0,2.87,1126.0,772.0,28.0,32.4
1159,336.0,0.0,0.0,178.0,3.03,1144.0,781.0,28.0,34.6
1160,324.0,0.0,0.0,189.0,2.83,1127.0,793.0,28.0,31.5
1161,332.0,0.0,0.0,181.0,2.97,1141.0,776.0,28.0,33.5
1162,329.0,0.0,0.0,184.0,2.91,1128.0,785.0,28.0,32.7
1163,339.0,0.0,0.0,177.0,3.09,1143.0,799.0,28.0,34.7
1164,321.0,0.0,0.0,188.0,2.75,1128.0,774.0,28.0,31.2
1165,334.0,0.0,0.0,180.0,2.99,1140.0,790.0,28.0,34.0
1166,327.0,0.0,0.0,186.0,2.85,1123.0,778.0,28.0,31.9
1167,337.0,0.0,0.0,178.0,3.06,1139.0,787.0,28.0,34.8
1168,323.0,0.0,0.0,189.0,2.8,1131.0,795.0,28.0,31.4
1169,331.0,0.0,0.0,182.0,2.95,1143.0,782.0,28.0,33.1
1170,325.0,0.0,0.0,187.0,2.88,1134.0,773.0,28.0,31.6
1171,335.0,0.0,0.0,179.0,3.02,1141.0,798.0,28.0,34.2
1172,328.0,0.0,0.0,185.0,2.94,1125.0,784.0,28.0,32.2
1173,338.0,0.0,0.0,176.0,3.08,1140.0,777.0,28.0,34.9
1174,322.0,0.0,0.0,188.0,2.76,1129.0,791.0,28.0,31.3
1175,333.0,0.0,0.0,181.0,2.9,1141.0,783.0,28.0,33.6
1176,326.0,0.0,0.0,186.0,2.84,1130.0,775.0,28.0,32.0
1177,336.0,0.0,0.0,177.0,3.05,1145.0,796.0,28.0,34.5
1178,324.0,0.0,0.0,189.0,2.78,1125.0,789.0,28.0,31.4
1179,330.0,0.0,0.0,183.0,2.96,1136.0,780.0,28.0,33.0
1180,329.0,0.0,0.0,184.0,2.92,1135.0,772.0,28.0,32.5
1181,339.0,0.0,0.0,178.0,3.0,1141.0,794.0,28.0,34.7
1182,321.0,0.0,0.0,190.0,2.79,1125.0,776.0,28.0,31.1
1183,332.0,0.0,0.0,180.0,2.98,1138.0,785.0,28.0,33.8
1184,327.0,0.0,0.0,185.0,2.86,1140.0,792.0,28.0,32.3
1185,337.0,0.0,0.0,179.0,3.04,1129.0,779.0,28.0,34.6
1186,325.0,0.0,0.0,187.0,2.81,1125.0,798.0,28.0,31.7
1187,334.0,0.0,0.0,181.0,2.93,1143.0,786.0,28.0,34.1
1188,323.0,0.0,0.0,188.0,2.77,1130.0,774.0,28.0,31.2
1189,331.0,0.0,0.0,182.0,2.97,1143.0,790.0,28.0,33.3
1190,328.0,0.0,0.0,186.0,2.89,1133.0,781.0,28.0,32.1
1191,335.0,0.0,0.0,178.0,3.06,1141.0,773.0,28.0,34.4
1192,322.0,0.0,0.0,189.0,2.82,1133.0,795.0,28.0,31.5
1193,338.0,0.0,0.0,177.0,3.01,1130.0,787.0,28.0,34.8
1194,326.0,0.0,0.0,185.0,2.85,1133.0,778.0,28.0,32.0
1195,333.0,0.0,0.0,180.0,2.99,1140.0,799.0,28.0,33.7
1196,324.0,0.0,0.0,187.0,2.76,1127.0,784.0,28.0,31.6
1197,336.0,0.0,0.0,179.0,3.03,1145.0,791.0,28.0,34.5
1198,329.0,0.0,0.0,184.0,2.9,1130.0,777.0,28.0,32.7
1199,340.0,0.0,0.0,175.0,3.1,1138.0,782.0,28.0,35.0
1200,320.0,0.0,0.0,190.0,2.75,1120.0,772.0,28.0,31.0
1201,330.0,0.0,0.0,183.0,2.95,1139.0,796.0,28.0,33.0
1202,325.0,0.0,0.0,186.0,2.84,1134.0,789.0,28.0,31.8
1203,337.0,0.0,0.0,178.0,3.07,1132.0,775.0,28.0,34.7
1204,323.0,0.0,0.0,188.0,2.78,1134.0,793.0,28.0,31.3
1205,332.0,0.0,0.0,181.0,2.92,1130.0,780.0,28.0,33.5
1206,327.0,0.0,0.0,185.0,2.88,1139.0,776.0,28.0,32.4
1207,335.0,0.0,0.0,179.0,3.04,1136.0,794.0,28.0,34.3
1208,322.0,0.0,0.0,189.0,2.81,1133.0,786.0,28.0,31.2
1209,334.0,0.0,0.0,180.0,2.96,1135.0,798.0,28.0,33.9
1210,328.0,0.0,0.0,184.0,2.87,1140.0,779.0,28.0,32.5
1211,339.0,0.0,0.0,176.0,3.09,1133.0,791.0,28.0,34.9
1212,324.0,0.0,0.0,187.0,2.79,1124.0,774.0,28.0,31.4
1213,331.0,0.0,0.0,182.0,2.91,1140.0,788.0,28.0,33.2
1214,326.0,0.0,0.0,186.0,2.83,1134.0,783.0,28.0,31.9
1215,336.0,0.0,0.0,178.0,3.0,1142.0,795.0,28.0,34.6
1216,321.0,0.0,0.0,190.0,2.77,1122.0,777.0,28.0,31.1
1217,333.0,0.0,0.0,181.0,2.94,1141.0,792.0,28.0,33.8
1218,325.0,0.0,0.0,188.0,2.8,1132.0,781.0,28.0,31.7
1219,338.0,0.0,0.0,177.0,3.05,1141.0,773.0,28.0,34.8
1220,329.0,0.0,0.0,183.0,2.89,1127.0,797.0,28.0,32.9
1221,337.0,0.0,0.0,179.0,3.02,1142.0,785.0,28.0,34.4
1222,323.0,0.0,0.0,189.0,2.82,1130.0,778.0,28.0,31.3
1223,330.0,0.0,0.0,184.0,2.97,1126.0,790.0,28.0,32.8
1224,335.0,0.0,0.0,178.0,3.08,1141.0,799.0,28.0,34.5
1225,322.0,0.0,0.0,188.0,2.76,1130.0,775.0,28.0,31.4
1226,334.0,0.0,0.0,180.0,2.98,1144.0,787.0,28.0,34.0
1227,327.0,0.0,0.0,185.0,2.86,1126.0,793.0,28.0,32.2
1228,339.0,0.0,0.0,176.0,3.03,1139.0,776.0,28.0,34.9
1229,325.0,0.0,0.0,187.0,2.84,1142.0,784.0,28.0,31.8
1230,332.0,0.0,0.0,181.0,2.91,1141.0,796.0,28.0,33.6
1231,318.0,0.0,105.0,176.0,2.88,1122.0,772.0,7.0,33.5
1232,310.0,0.0,118.0,179.0,3.05,1123.0,785.0,7.0,32.8
1233,305.0,0.0,92.0,182.0,2.95,1122.0,766.0,7.0,31.5
1234,312.0,0.0,110.0,177.0,2.82,1121.0,778.0,7.0,34.0
1235,320.0,0.0,85.0,185.0,3.0,1126.0,788.0,7.0,31.2
1236,315.0,0.0,100.0,180.0,2.92,1123.0,775.0,7.0,33.1
1237,308.0,0.0,115.0,178.0,2.78,1122.0,762.0,7.0,33.8
1238,302.0,0.0,120.0,175.0,3.08,1124.0,780.0,7.0,34.5
1239,319.0,0.0,78.0,188.0,2.85,1120.0,770.0,7.0,30.5
1240,314.0,0.0,108.0,179.0,2.99,1120.0,782.0,7.0,33.6
1241,311.0,0.0,95.0,183.0,2.9,1121.0,768.0,7.0,32.0
1242,317.0,0.0,112.0,176.0,2.8,1130.0,776.0,7.0,34.2
1243,306.0,0.0,88.0,184.0,3.02,1115.0,786.0,7.0,31.4
1244,313.0,0.0,102.0,181.0,2.96,1123.0,774.0,7.0,32.9
1245,304.0,0.0,116.0,177.0,2.84,1120.0,765.0,7.0,34.1
1246,318.0,0.0,82.0,186.0,3.06,1124.0,783.0,7.0,30.9
1247,309.0,0.0,106.0,178.0,2.89,1114.0,772.0,7.0,33.7
1248,316.0,0.0,98.0,182.0,2.94,1131.0,779.0,7.0,32.3
1249,307.0,0.0,114.0,179.0,2.81,1120.0,764.0,7.0,33.5
1250,312.0,0.0,75.0,189.0,3.03,1125.0,781.0,7.0,30.2
1251,301.0,0.0,119.0,176.0,2.76,1113.0,788.0,7.0,34.4
1252,315.0,0.0,90.0,185.0,2.98,1131.0,767.0,7.0,31.1
1253,310.0,0.0,104.0,180.0,2.91,1122.0,775.0,7.0,33.0
1254,319.0,0.0,111.0,177.0,2.83,1124.0,770.0,7.0,34.3
1255,303.0,0.0,86.0,187.0,3.09,1121.0,784.0,7.0,30.7
1256,314.0,0.0,117.0,178.0,2.86,1119.0,776.0,7.0,33.9
1257,308.0,0.0,94.0,183.0,2.95,1121.0,763.0,7.0,31.8
1258,311.0,0.0,109.0,179.0,3.01,1121.0,785.0,7.0,33.4
1259,317.0,0.0,80.0,186.0,2.88,1130.0,778.0,7.0,30.8
1260,305.0,0.0,113.0,176.0,2.79,1115.0,769.0,7.0,34.5
1261,313.0,0.0,101.0,181.0,3.04,1126.0,782.0,7.0,32.7
1262,306.0,0.0,84.0,184.0,2.93,1128.0,774.0,7.0,31.3
1263,318.0,0.0,118.0,175.0,2.8,1120.0,771.0,7.0,34.6
1264,309.0,0.0,96.0,182.0,2.97,1121.0,787.0,7.0,32.2
1265,316.0,0.0,72.0,188.0,3.07,1128.0,765.0,7.0,30.4
1266,302.0,0.0,108.0,180.0,2.87,1113.0,780.0,7.0,33.2
1267,312.0,0.0,115.0,178.0,2.92,1124.0,773.0,7.0,33.8
1268,304.0,0.0,89.0,185.0,3.0,1123.0,776.0,7.0,31.0
1269,320.0,0.0,103.0,179.0,2.84,1124.0,768.0,7.0,33.5
1270,307.0,0.0,98.0,181.0,2.99,1120.0,783.0,7.0,32.6
1271,315.0,0.0,120.0,176.0,2.77,1117.0,779.0,7.0,34.5
1272,311.0,0.0,76.0,187.0,3.05,1125.0,766.0,7.0,30.6
1273,317.0,0.0,107.0,177.0,2.89,1124.0,788.0,7.0,34.0
1274,308.0,0.0,93.0,183.0,2.96,1122.0,775.0,7.0,31.9
1275,314.0,0.0,114.0,178.0,2.82,1121.0,770.0,7.0,33.7
1276,305.0,0.0,81.0,186.0,3.08,1125.0,784.0,7.0,30.8
1277,319.0,0.0,99.0,182.0,2.93,1128.0,769.0,7.0,32.4
1278,303.0,0.0,110.0,180.0,2.85,1112.0,781.0,7.0,33.3
1279,310.0,0.0,87.0,184.0,3.02,1127.0,772.0,7.0,31.6
1280,316.0,0.0,119.0,175.0,2.78,1123.0,777.0,7.0,34.8
1281,306.0,0.0,105.0,179.0,2.91,1114.0,764.0,7.0,33.4
1282,312.0,0.0,74.0,189.0,3.1,1129.0,786.0,7.0,30.3
1283,301.0,0.0,112.0,177.0,2.83,1118.0,773.0,7.0,34.2
1284,318.0,0.0,91.0,183.0,2.98,1129.0,780.0,7.0,32.1
1285,309.0,0.0,116.0,176.0,2.87,1118.0,767.0,7.0,34.3
1286,313.0,0.0,83.0,185.0,3.03,1124.0,785.0,7.0,31.4
1287,307.0,0.0,100.0,181.0,2.94,1114.0,778.0,7.0,33.0
1288,315.0,0.0,109.0,178.0,2.8,1132.0,771.0,7.0,33.9
1289,304.0,0.0,95.0,182.0,3.01,1118.0,782.0,7.0,32.5
1290,320.0,0.0,113.0,177.0,2.85,1120.0,774.0,7.0,34.4
1291,311.0,0.0,79.0,186.0,2.97,1127.0,763.0,7.0,30.9
1292,317.0,0.0,104.0,180.0,2.9,1124.0,788.0,7.0,33.2
1293,308.0,0.0,118.0,176.0,2.79,1123.0,776.0,7.0,34.7
1294,302.0,0.0,90.0,184.0,3.06,1114.0,770.0,7.0,31.7
1295,314.0,0.0,77.0,188.0,3.0,1129.0,784.0,7.0,30.5
1296,310.0,0.0,111.0,179.0,2.88,1122.0,765.0,7.0,33.6
1297,319.0,0.0,85.0,185.0,2.95,1121.0,779.0,7.0,31.3
1298,305.0,0.0,117.0,178.0,2.81,1126.0,772.0,7.0,34.0
1299,313.0,0.0,97.0,181.0,3.04,1124.0,783.0,7.0,32.8
1300,306.0,0.0,73.0,189.0,2.92,1115.0,768.0,7.0,30.2
1301,316.0,0.0,108.0,177.0,2.86,1127.0,775.0,7.0,34.1
1302,309.0,0.0,120.0,175.0,2.76,1114.0,786.0,7.0,34.9
1303,301.0,0.0,92.0,183.0,2.99,1122.0,774.0,7.0,32.0
1304,312.0,0.0,106.0,179.0,2.89,1120.0,767.0,7.0,33.5
1305,318.0,0.0,80.0,187.0,3.07,1132.0,781.0,7.0,30.7
1306,307.0,0.0,114.0,176.0,2.82,1118.0,778.0,7.0,34.5
1307,315.0,0.0,96.0,182.0,3.01,1118.0,770.0,7.0,32.3
1308,304.0,0.0,110.0,178.0,2.93,1120.0,785.0,7.0,33.8
1309,311.0,0.0,86.0,184.0,3.05,1120.0,766.0,7.0,31.5
1310,320.0,0.0,102.0,180.0,2.84,1128.0,773.0,7.0,33.3
1311,303.0,0.0,115.0,177.0,2.78,1123.0,787.0,7.0,34.2
1312,314.0,0.0,75.0,188.0,2.96,1121.0,779.0,7.0,30.4
1313,308.0,0.0,107.0,181.0,2.9,1120.0,764.0,7.0,32.9
1314,317.0,0.0,118.0,176.0,2.8,1120.0,782.0,7.0,34.6
1315,310.0,0.0,89.0,185.0,3.09,1125.0,776.0,7.0,31.2
1316,306.0,0.0,112.0,178.0,2.87,1117.0,769.0,7.0,33.9
1317,313.0,0.0,94.0,182.0,3.02,1130.0,784.0,7.0,32.4
1318,319.0,0.0,103.0,179.0,2.91,1129.0,772.0,7.0,33.1
1319,302.0,0.0,81.0,186.0,3.0,1112.0,780.0,7.0,30.8
1320,311.0,0.0,116.0,175.0,2.77,1125.0,765.0,7.0,34.8
1321,307.0,0.0,88.0,184.0,2.95,1119.0,778.0,7.0,31.6
1322,315.0,0.0,109.0,177.0,2.83,1117.0,785.0,7.0,34.0
1323,304.0,0.0,99.0,181.0,3.06,1124.0,771.0,7.0,32.7
1324,312.0,0.0,120.0,176.0,2.79,1123.0,777.0,7.0,34.9
1325,318.0,0.0,74.0,189.0,2.98,1123.0,768.0,7.0,30.1
1326,309.0,0.0,105.0,180.0,2.88,1124.0,783.0,7.0,33.4
1327,316.0,0.0,93.0,183.0,3.04,1120.0,774.0,7.0,32.2
1328,305.0,0.0,113.0,178.0,2.85,1119.0,766.0,7.0,33.7
1329,310.0,0.0,84.0,187.0,2.99,1127.0,788.0,7.0,30.6
1330,314.0,0.0,117.0,176.0,2.8,1122.0,781.0,7.0,34.4
1331,318.0,0.0,105.0,176.0,2.88,1122.0,772.0,28.0,47.8
1332,310.0,0.0,118.0,179.0,3.05,1123.0,785.0,28.0,46.9
1333,305.0,0.0,92.0,182.0,2.95,1122.0,766.0,28.0,45.0
1334,312.0,0.0,110.0,177.0,2.82,1121.0,778.0,28.0,48.5
1335,320.0,0.0,85.0,185.0,3.0,1126.0,788.0,28.0,44.5
1336,315.0,0.0,100.0,180.0,2.92,1123.0,775.0,28.0,47.2
1337,308.0,0.0,115.0,178.0,2.78,1122.0,762.0,28.0,48.1
1338,302.0,0.0,120.0,175.0,3.08,1124.0,780.0,28.0,49.0
1339,319.0,0.0,78.0,188.0,2.85,1120.0,770.0,28.0,44.1
1340,314.0,0.0,108.0,179.0,2.99,1120.0,782.0,28.0,47.9
1341,311.0,0.0,95.0,183.0,2.9,1121.0,768.0,28.0,45.8
1342,317.0,0.0,112.0,176.0,2.8,1130.0,776.0,28.0,48.8
1343,306.0,0.0,88.0,184.0,3.02,1115.0,786.0,28.0,44.8
1344,313.0,0.0,102.0,181.0,2.96,1123.0,774.0,28.0,46.9
1345,304.0,0.0,116.0,177.0,2.84,1120.0,765.0,28.0,48.6
1346,318.0,0.0,82.0,186.0,3.06,1124.0,783.0,28.0,44.4
1347,309.0,0.0,106.0,178.0,2.89,1114.0,772.0,28.0,48.0
1348,316.0,0.0,98.0,182.0,2.94,1131.0,779.0,28.0,46.2
1349,307.0,0.0,114.0,179.0,2.81,1120.0,764.0,28.0,47.8
1350,312.0,0.0,75.0,189.0,3.03,1125.0,781.0,28.0,44.0
1351,301.0,0.0,119.0,176.0,2.76,1113.0,788.0,28.0,48.9
1352,315.0,0.0,90.0,185.0,2.98,1131.0,767.0,28.0,44.7
1353,310.0,0.0,104.0,180.0,2.91,1122.0,775.0,28.0,47.1
1354,319.0,0.0,111.0,177.0,2.83,1124.0,770.0,28.0,48.7
1355,303.0,0.0,86.0,187.0,3.09,1121.0,784.0,28.0,44.3
1356,314.0,0.0,117.0,178.0,2.86,1119.0,776.0,28.0,48.2
1357,308.0,0.0,94.0,183.0,2.95,1121.0,763.0,28.0,45.5
1358,311.0,0.0,109.0,179.0,3.01,1121.0,785.0,28.0,47.7
1359,317.0,0.0,80.0,186.0,2.88,1130.0,778.0,28.0,44.6
1360,305.0,0.0,113.0,176.0,2.79,1115.0,769.0,28.0,48.9
1361,313.0,0.0,101.0,181.0,3.04,1126.0,782.0,28.0,46.8
1362,306.0,0.0,84.0,184.0,2.93,1128.0,774.0,28.0,44.9
1363,318.0,0.0,118.0,175.0,2.8,1120.0,771.0,28.0,49.0
1364,309.0,0.0,96.0,182.0,2.97,1121.0,787.0,28.0,46.0
1365,316.0,0.0,72.0,188.0,3.07,1128.0,765.0,28.0,44.2
1366,302.0,0.0,108.0,180.0,2.87,1113.0,780.0,28.0,47.3
1367,312.0,0.0,115.0,178.0,2.92,1124.0,773.0,28.0,48.1
1368,304.0,0.0,89.0,185.0,3.0,1123.0,776.0,28.0,44.6
1369,320.0,0.0,103.0,179.0,2.84,1124.0,768.0,28.0,47.6
1370,307.0,0.0,98.0,181.0,2.99,1120.0,783.0,28.0,46.5
1371,315.0,0.0,120.0,176.0,2.77,1117.0,779.0,28.0,48.8
1372,311.0,0.0,76.0,187.0,3.05,1125.0,766.0,28.0,44.3
1373,317.0,0.0,107.0,177.0,2.89,1124.0,788.0,28.0,48.4
1374,308.0,0.0,93.0,183.0,2.96,1122.0,775.0,28.0,45.7
1375,314.0,0.0,114.0,178.0,2.82,1121.0,770.0,28.0,48.0
1376,305.0,0.0,81.0,186.0,3.08,1125.0,784.0,28.0,44.5
1377,319.0,0.0,99.0,182.0,2.93,1128.0,769.0,28.0,46.3
1378,303.0,0.0,110.0,180.0,2.85,1112.0,781.0,28.0,47.2
1379,310.0,0.0,87.0,184.0,3.02,1127.0,772.0,28.0,45.2
1380,316.0,0.0,119.0,175.0,2.78,1123.0,777.0,28.0,49.0
1381,306.0,0.0,105.0,179.0,2.91,1114.0,764.0,28.0,47.5
1382,312.0,0.0,74.0,189.0,3.1,1129.0,786.0,28.0,44.1
1383,301.0,0.0,112.0,177.0,2.83,1118.0,773.0,28.0,48.3
1384,318.0,0.0,91.0,183.0,2.98,1129.0,780.0,28.0,45.9
1385,309.0,0.0,116.0,176.0,2.87,1118.0,767.0,28.0,48.7
1386,313.0,0.0,83.0,185.0,3.03,1124.0,785.0,28.0,44.8
1387,307.0,0.0,100.0,181.0,2.94,1114.0,778.0,28.0,47.0
1388,315.0,0.0,109.0,178.0,2.8,1132.0,771.0,28.0,48.2
1389,304.0,0.0,95.0,182.0,3.01,1118.0,782.0,28.0,46.1
1390,320.0,0.0,113.0,177.0,2.85,1120.0,774.0,28.0,48.5
1391,311.0,0.0,79.0,186.0,2.97,1127.0,763.0,28.0,44.4
1392,317.0,0.0,104.0,180.0,2.9,1124.0,788.0,28.0,47.4
1393,308.0,0.0,118.0,176.0,2.79,1123.0,776.0,28.0,48.9
1394,302.0,0.0,90.0,184.0,3.06,1114.0,770.0,28.0,45.6
1395,314.0,0.0,77.0,188.0,3.0,1129.0,784.0,28.0,44.2
1396,310.0,0.0,111.0,179.0,2.88,1122.0,765.0,28.0,47.8
1397,319.0,0.0,85.0,185.0,2.95,1121.0,779.0,28.0,45.0
1398,305.0,0.0,117.0,178.0,2.81,1126.0,772.0,28.0,48.6
1399,313.0,0.0,97.0,181.0,3.04,1124.0,783.0,28.0,46.7
1400,306.0,0.0,73.0,189.0,2.92,1115.0,768.0,28.0,44.1
1401,316.0,0.0,108.0,177.0,2.86,1127.0,775.0,28.0,48.4
1402,309.0,0.0,120.0,175.0,2.76,1114.0,786.0,28.0,49.0
1403,301.0,0.0,92.0,183.0,2.99,1122.0,774.0,28.0,45.8
1404,312.0,0.0,106.0,179.0,2.89,1120.0,767.0,28.0,47.7
1405,318.0,0.0,80.0,187.0,3.07,1132.0,781.0,28.0,44.3
1406,307.0,0.0,114.0,176.0,2.82,1118.0,778.0,28.0,48.8
1407,315.0,0.0,96.0,182.0,3.01,1118.0,770.0,28.0,46.4
1408,304.0,0.0,110.0,178.0,2.93,1120.0,785.0,28.0,48.0
1409,311.0,0.0,86.0,184.0,3.05,1120.0,766.0,28.0,45.3
1410,320.0,0.0,102.0,180.0,2.84,1128.0,773.0,28.0,47.1
1411,303.0,0.0,115.0,177.0,2.78,1123.0,787.0,28.0,48.5
1412,314.0,0.0,75.0,188.0,2.96,1121.0,779.0,28.0,44.2
1413,308.0,0.0,107.0,181.0,2.9,1120.0,764.0,28.0,46.9
1414,317.0,0.0,118.0,176.0,2.8,1120.0,782.0,28.0,48.9
1415,310.0,0.0,89.0,185.0,3.09,1125.0,776.0,28.0,44.7
1416,306.0,0.0,112.0,178.0,2.87,1117.0,769.0,28.0,48.2
1417,313.0,0.0,94.0,182.0,3.02,1130.0,784.0,28.0,46.6
1418,319.0,0.0,103.0,179.0,2.91,1129.0,772.0,28.0,47.4
1419,302.0,0.0,81.0,186.0,3.0,1112.0,780.0,28.0,44.5
1420,311.0,0.0,116.0,175.0,2.77,1125.0,765.0,28.0,49.0
1421,307.0,0.0,88.0,184.0,2.95,1119.0,778.0,28.0,45.4
1422,315.0,0.0,109.0,177.0,2.83,1117.0,785.0,28.0,48.3
1423,304.0,0.0,99.0,181.0,3.06,1124.0,771.0,28.0,46.8
1424,312.0,0.0,120.0,176.0,2.79,1123.0,777.0,28.0,48.9
1425,318.0,0.0,74.0,189.0,2.98,1123.0,768.0,28.0,44.0
1426,309.0,0.0,105.0,180.0,2.88,1124.0,783.0,28.0,47.6
1427,316.0,0.0,93.0,183.0,3.04,1120.0,774.0,28.0,46.2
1428,305.0,0.0,113.0,178.0,2.85,1119.0,766.0,28.0,48.1
1429,310.0,0.0,84.0,187.0,2.99,1127.0,788.0,28.0,44.4
1430,314.0,0.0,117.0,176.0,2.8,1122.0,781.0,28.0,48.7
